Давление атм возд, hPa;Температура воды, градус C;Запах, баллы;Цветность, градусы;Мутность, ЕМФ;Жобщ, мг-экв/л;Кальций, мг/л;Магний, мг/л;Хлориды, мг/л;Кислотность, мг-экв/л;Щелочность, мг-экв/л;pH;УЭП, мСм/см;Растворённый_кислород, мгО2/л;Растворённый_кислород, %;БПК5, мгО2/л;Аммоний, мг/л;Нитриты, мг/л;Сульфаты, мг/л;Железо_общее, мг/л;Фосфаты, мг/л;ИЗВ;Индекс ITS;Хемотаксис (индекс);Нитраты мг/л
0;0;0;0;0;0;0;0;0;0;0;0;0;0;0;0;0;0;0;0;0;0;0;0;0
0;0;0;0;0;0;0;0;0;0;0;0;0;0;0;0;0;0;0;0;0;0;0;0;0
;;;;;;0,1;0,7;47,2;;1,5;8,8;0,395;11,73;;;0,05;0,015;36,4;1,7;0,09;;;0,27;1,6
;;;;;;1,1;1;46,3;;1,6;8,51;0,398;5,7;;;0,05;0,4;36,4;2,1;0,11;;;0,52;2,9
;;;74,64;79,15;;26,3;5,8;;;1,2;;;;;;0,05;0,003;27,4;1,8;0,01;;;0,72;
;;;57,36;67,19;;26,3;5,8;;;2,6;;;;;;0,05;0,003;9,9;1,8;0,01;;;0,59;
;;;51,91;69,69;;24,8;5,5;;;1,4;;;;;;;0,003;18,37;1,7;0,01;;;0,61;
;;;29,18;1,23;3,5;2,8;0,8;63,8;1,6;;6,93;381;2,47;;;<0,05;<0,05;3,08;0,70;2,13;1,34517301587302;;0,61;
1012;;2;37,88;7,79;0,9;0,8;0,1;;;1,6;8,77;429;10,36;118,6;;1,32;0,01;;;<0,001;;;0,67;
1008;1,7;2;9;<4;1,45;0,55;0,9;55.03;0,58;1,78;8,2;477;10,32;74,5;3,74;<0,02;<0,02;29,8;0,01;<0,02;;;12,5;
1020;5,3;4;22;5;2,7;14;24,54;84,9;0;0,44;7,66;481;12,13;0;1,31;1,2;0;31;0,13;0,1;0;0;0,56;6,21
0;0;0;0;0;0;0;0;0;0;0;6,64;0;0;0;0;0;0;0;0;0;0;0;0;7,47
0;0;0;0;0;2,2;10,8216;20,17;306,64;0;1,6;8,89;0;0;0;0;0,05;0,03;0;0,4;0,01;0;0;0,18;14,7
1004;22,9;1;20,96;7,01;2,38;8,4168;23,81;4,96;1,45;7,1;18;461;9,58;111,9;0;0,0064;0;0,07;0,68;0;0;0;в;0
;;;;;;;;;;;;;;;8,3;;49,0;;;;;;;
;;;;;;;;;;;;;;;8,3;;49,0;;;;;;;
;;;;;;1,4;0,4;49;;1,4;7,82;0,385;6,81;;;0,05;0,016;40;1,8;0,08;;;0,36;0,4
;;;62,82;81,26;;26,3;5,8;;;2;;;;;;0,05;0,003;14,04;1,8;0,01;;;0,64;
;;;33,73;1,05;2,2;1,9;0,7;59,4;2,2;;7,67;400;10,1;;;<0,05;<0,05;37,2;0,13;1,97;0,572615079365079;;0,58;
;21;;30,25;15,9;2,2;26,05;10,8;52,96;;1,8;8,75;0,37;16,75;;;;;47,69;0,15;0,037;;8,75;;
;;;30,25;15,9;2,2;26,05;18;59,96;;1,8;8,75;0,37;16,75;;;0,005;0,003;47,7;0,15;0,037;;8,75;0,63;
;;3;0,0053;0,011;1,8;1,4;0,4;37,26;0,98;1,2;7,4;;12,79;89,2;5,15;3,5;0,056;;;;1,16;;0,3;
;21,5;;13,9;6,7;2,28;;;61,4;;1,4;8,8;419;10,28;;3,82;0,01;0,04;26,54;0,04;0,07;0,789273504273504;8,8;;
;22;1;16;0;5,4;0,8;4,6;56,72;0,54;4,58;8,9;828;11,76;45;3,56;0,14;0,01;15,4;0,05;0,01;;;0,89;
;5,1;1;59;0;1,25;1,05;0,2;58,8;0,24;1,68;7,1;431;9,95;79;0,39;0,62;0;43;0,76;0,07;0,38;7,5;0,91;
1013;21,8;;52,23;7,59;0,9;0,1;0,8;35,45;0,02;1,6;7,15;421;10,35;117,9;;5,75;0,01;;;<0,001;;;0,89;
;4,6;0;353,58;353,58;;14,03;4,86;64,44;0,8;1,6;7,37;439;10,5;77;3,47;;;52,79;5,35;;9,42;8,53;0,98;
1001;19,7;3;<4;12,9;1,1;0,16;0,94;38;0,56;1,68;8,25;1051;11,31;125;3,43;<0,02;<0,02;34,8;<0,02;<0,02;0,73;7,7;;
1009;21,7;3;0;<4;2;0,75;4,75;35,05;0,24;2;9,23;560;11,3;129,1;1,97;0,94;0,02;52;0,6;0,1;2,9;8,8;0,83;
1004;24,5;2;110,084;<4;24;13;11;62,12;1;0,6;;;10,37;125,6;;0,05;0,03;15;0,76;0,99;;6,6;;
1004;1.1;2;12.97;13.6898;1.8;0.86;0.94;20.2;5.625;2;7.5;496;10.32;73.4;1,57;<0,1;;5.86;0.13;0.03;0.53;9.9;0.57;5.35
;3,5;1;246;1;1,42;0,74;0,68;83,8;0,28;2,28;7,24;533;10,78;82,2;;0;0,001;50;0,86;0,02;;7,51;0,85;
0;0;0;0;0;2,2;10,02;20,66;306,64;0;1,78;8,77;0;0;0;0;0,05;0,01;0;0,44;0,04;0;0;0,18;11,57
1013;9,3;0;-;19;0;0,15;15,2304;7,41;0;2,85;7,243;462;9,83;85,6;1,9;<0,05;<0,01;66;0,1;0;0,93447;0;0,257731959;38
1004;0;1;34,84;4,16;2,15;11,6232;19,08;12,05;1,65;8,2;9;460;45088;102,4;0;0,0079;0;0,08;0;0;0;0;в;0
1009;0;2;15;4,62;2,5;16,834;20,17;56,72;0;0,75;7,75;474;8,82;99;0;0,9;0;85,1;0,03;0,02;0,85;0;м;47,9
0;0;1;70;9;0,75;2;0;35,7;0;0;6.89;15,7;11,45;0;2,1;0;0,14;0;0,02;0,02;0;0;0,96;23.30
1012;22,8;0;0;0;0,6;3,6072;5,1;69,13;0;1,55;9;459;11,67;135,8;3,511;<0,1;0,012;6,5;0,11;0,04;1,3;0;0;103,7
;;;;;;0,8;1;52,5;;1,5;6,8;0,395;11,58;;;0,05;0,016;38,2;1,8;0,07;;;0,22;0,4
;;;64,64;72,31;;36,5;8,1;;;2,2;;;;;;0,05;0,003;18,56;2,5;0,01;;;0,5;
;;;38,27;1,23;2;0,2;0,8;69,3;2,4;;9,07;392;10,22;;;<0,05;<0,05;14,04;0,70;0,05;0,429669841269841;;0,51;
;22,5;;17,75;4,4;2,9;28,06;18;49,43;;1,6;8,75;0,37;14,83;;;0,2;;47,67;;0,14;;8,75;;
;;;17,75;4,4;2,9;28,6;0;49,43;;1,6;8,75;0,37;14,83;;;0,2;0,003;47,7;0,05;0,14;;8,75;0,45;
;3;4;0,004;0,05;6,3;;0,36;0,18;1,75;2;6;;7,5;72,6;;0;0,018;;;;0,56;;;20
;;3;0,045;0,045;1,6;1,4;0,2;47,26;0,68;1,68;7,2;;;;;0,05;0,0136;;;;;;0,35;
;21,7;;9,4;3,7;2,4;;;62,53;;1,9;8,71;415;11,02;;;;0,03;18,85;0,07;0,05;;8,71;;
;25,5;;92,2;45,41;3;;;13,7;;0,1;8,33;385;10,5;;;0,43;0,03;15,02;0,19;0,08;;8,69;0,44;
;;3;49;4,1;;;;63,8;;;8,41;414;5,13;;;0,77;0,01;46,7;0,451;0,582655385616661;;9,6;0,64;
;8;1;212;15,4;0,6;;;42,54;1,4;0,6;6,77;;5,68;;;1,05;0,05;28,46;0,95;0,27;;;0,63;
;21,2;1;23;0;3,9;1,4;2,5;58,85;0,8;1,68;8,67;381;12,1;33;;;0,01;22,8;0,05;0;;;0,94;
;5,2;1;31;2;1,58;1,08;0,5;67,4;0,12;1,08;7,5;430;9,89;78,7;;0,18;0;53;0,88;0,01;;7,5;0,98;
1006;6,5;4;13;4;1,5;1,1;0,4;55.03;0,84;2;7,9;476;9,78;81;;<0,02;<0,02;33,6;0,33;<0,02;;;;
;0,1;1;267;1;1,4;1,1;0,3;63,1;0,56;2;6,71;486;8,81;61,1;1,67;1,5;0;14,642;0,133;0,007;;7,21;0,43;
1013;21,8;2;532,955;7,79;0,9;0,62;0,28;35,45;0,2;1,9;8,65;428;10,13;117,9;;<0,05;<0,01;;<0,05;<0,001;;;0,7;
1001;19,2;3;<4;9,3;1,24;0,68;0,56;39,7;0,96;1,96;7,81;1453;11,41;125;;<0,02;<0,02;49,9;<0,02;<0,02;;7,7;;
1008;23,7;0;34,95;55,58;4,2;1,57;2,63;77,99;0,2;2;9,87;517;11,55;137,1;4,14;0,03;0,038;42,2;0,236;0,12;1,425;9,39;0,55;
;;4;;<4;2,4;0,7;4,2;35,5;0,34;2,4;9,04;472;;;;<0,02;0,02;55;;0,03;;;0,09;
;8.5;2;1.4016;<4;5.45;0.4;5.05;81.65;1.08;2.36;7.92;502;;;;0.04;;4.4;0.05;<0,230;;8.31;;
;8;2;<5;<4;5.55;0.85;4.7;81.65;0.62;2.16;7.87;507;7.71;66.1;0.23;0.45;;;0.04;<0,230;;8.31;;
1004;24,5;2;30,867;<4;22;13;9;53,25;1,4;1,75;8,56;473;10,42;126,1;9,43;;;45;0,41;0,01;1,66;6,6;0;
1004;3.4;2;15.43;;1.6;0.94;0.66;13.85;2.5;1.8;7.3;499;9.25;72;1,83;<0,1;<0,01;6.128;0.12;0.09;0.61;9.9;0.24;5.52
1008;17.8;2;16.4577;<4;4.4;1;3.4;47.925;0.1;1.5;8.354;490;10.28;108.7;4.91;0.4;<0,02;260;0.07;1.56;2.22;8.68;;1.28
0;0;0;0;0;0;0;0;0;0;0;0;0;0;0;0;0;0;0;0;0;0;0;0;0
1009;0;2;25;3,97;2,43;10,421;23,21;99,26;0;1,75;7,75;478;8,7;97,5;0;0,9;0;0;0,01;0;0;0;-11,76470588;54,5
1013;23,2;0;0;0;0,3;2,004;2,43;67,36;0;1,55;9,03;462;11,65;136,4;2,74;<0,1;0,077;6,4;0,04;0,05;1,18;0;0;114,7
;;;;;;0,9;0,9;49,8;;0,7;8,8;0,399;7,6;;;0,015;0,011;36,4;1,8;0,1;;;0,41;0,8
;;;61;59,94;;35;7,8;;;1,8;;;;;;0,05;0,047;47,69;2,4;0,01;;;0,6;
;;;38,27;7,05;2;1;1;61,6;2,4;;8,97;399;10,41;;;<0,05;<0,05;15;0,05;0,08;0,40547619047619;;0,43;
;;4;0.11;0.46;7;;;85.67;0.48;1.78;7.92;;10.08;;;11.6;0.01;;0.02;;;8.015;0.7;
;;2;5;10;1,9;;;0;1,2;1,8;8,98;3,99;8,4;;2,6;1,4;0,0012;14;0,1;0,017;;;0,6;
;3,6;1;260;0;1,53;1;0,53;63,92;0,2;2,08;7,22;529;10,9;83,2;1,8;0,11;0,001;55;0,49;0,13;;7,51;0,85;
1010;21,3;3;4,34;<4;2;0,8;4,6;40,825;0,22;2;9,13;472;11,41;129,1;;<0,02;0,02;149;1;0,43;;8,8;0;
1005;0.9;2;19.94;;1.28;0.7;0.58;12.07;8.75;1.3;7.8;392;11.52;81.4;2,68;;;3.723;0.06;;2.47;9.9;0.27;6.24
;;;54,64;54,18;;35;7,8;;;1,8;;;;;;0,05;0,003;30,87;2,4;0,01;;;0,57;
;;5;0.13;0.15;6.8;;;79.62;0.94;1.94;8.49;;9.55;;;0;0.021;;0.39;;;8.356;;
;;;3;0,68;8;3,4;36,6;0,14;;7;0,082;;;;;0,014;22,4;;;;;;;10,4
1009;0;4;33;4,07;3,5;18,437;31,35;74,45;0;1,3;7,56;616;10,21;111,1;0;1,45;0,01;0;0,07;0;0;0;23,52941176;60,7
;;;;;;1,1;1;63,2;;1,7;7,32;0,542;8,77;;;0,05;0,016;54,5;2,2;0,07;;;0,17;0,4
;;;120,09;170,82;;35;7,8;;;1,9;;;;;;;0,003;31,84;2,4;0,01;;;0,36;
;;;83,73;7,05;3;1,6;1,2;74,8;2,4;;7,1;575;;;;0,05;<0,05;18,37;0,80;0,06;0,871807142857143;;0,5;
;;;18;83;1,17;47,4;1,63;26,3;0,78;0,68;6,71;0,316;13,8;;3,2;;0,014;52;;0,19;;;0,31;
;20,6;;42,75;21,7;2,4;48,1;0;69,44;;1,8;7,95;0,57;14,1;;;;0,005;45,76;0,1;0,037;;7,95;;
;;;42,75;21,7;2,4;48,1;;69,44;;1,8;7,95;0,57;14,1;;;0,005;0,005;45,8;0,1;0,037;;7,95;0,54;
;;;;;;;;;;;;;;;;;;;;;;;;
;16,4;1;38;0;2,8;1,1;1,7;22,69;0,6;1,4;7,32;256;;30;;1,13;0,01;26,4;0,23;0;;;0,82;
1006;2,2;2;9;15;0,95;0,4;0,55;31.95;1,04;2,28;7,82;533;11,05;80,9;8,07;<0,02;0,05;29,7;0,18;<0,02;;;0;
1013;23,1;2;37,88;8,08;1,25;1,1;0,15;43,25;0,5;2,2;7,95;535;8,59;100,3;;<0,05;0,01;;<0,05;<0,001;;;0,79;
1008;24,1;0;16,12;54,17;2,45;1,71;0,81;92,17;1,05;2,74;9,12;555;6,82;81,5;3,78;<0,02;0,047;52,3;0,663;1;2,739;9,29;0,37;
1009;18.4;2;174.8995;<4;7.8;1.1;6.7;56.8;0.3;2.6;7.696;567;8.76;93.7;2.16;0.57;<0,02;178;0.05;1.22;1.804;8.42;;1.57
;;1;31;1;4;1,4;2,6;63,81;0,6;2,2;8,21;864;;22;;1,33;0,01;41;0,05;0,17;;;;
1011;23;0;0;0;0;0;0;0;0;1,3;8,69;583;9,68;112,8;0;<0,1;0,13;11,4;0;0,04;0;0;0;60
;;;;;;1,4;0,3;64,1;;2;7,26;0,535;9,33;;;0,1;0,068;60;0,65;0,01;;;0,09;0,4
;;;120,09;167,13;;36,5;8,1;;;1,8;;;;;;0,05;0,03;26,44;2,5;0,01;;;0,74;
;;;38,27;8,16;3;1,8;1,2;90,2;2,4;;7,64;603;10,51;;;0,82;<0,05;27,4;0,24;0,05;0,61165873015873;;0,48;
;;1;13;69;1,2;46,3;1,72;27,1;0,56;0,5;7,15;0,239;;;;;0,015;54;;0,16;;;0,66;
;4;3;0,004;1,03;;;0,34;0,22;1,6;0,16;6;;;;;0;0,047;;;;0,64;;;0
;21,6;;36,9;16,8;3,6;;;77,82;;1,8;6,63;576;10,98;;;;0,05;32,31;0,15;0,06;;6,63;;
;;3;0.13;0.29;9.6;;;81.77;0.88;2.66;7.67;;9.31;;;2;0.003;;0;;;7.492;0.74;
;1,7;2;50;2;1,9;1,1;0,8;78,69;0,84;2,6;6,3;888;2,08;14,7;1,46;0,378;0,02;2,841;0,29;0,014;;7,41;0,77;
1013;22,5;1;167,03;8,56;0,84;0,7;0,14;46,1;0,4;2,4;7,64;534;;;;0,27;0,01;;0,15;<0,001;;;0,83;
;;2;<4;23,7;0,4;0,28;0,12;12,19;0,88;2;;;;;;<0,02;<0,02;75,9;0,12;<0,02;;;;
1009;0;2;3;3,51;3,35;16,633;30,62;3,54;0;1,4;7,74;617;10,38;112,6;0;1,5;0,03;0;0,02;0;0;0;-5,882352941;47,8
1013;45402;0;0;0;0,4;2,4048;3,4;92,17;0;3;8,49;617;9,63;111,7;3,099;<0,1;0,074;12,3;0,11;0,03;1,08;0;0;72,3
;;;;;;1,5;0,4;64,1;;1,7;7,79;0,55;9,05;;;0,05;0,027;67,2;0,6;0,08;;;0,29;0,9
;;;101,91;140,58;;36,5;8,4;;;1,6;;;;;;0,05;0,003;26,25;2,5;0,01;;;0,56;
;;;33,73;4,7;3;1,5;1,3;73,7;2,4;;7,87;318;10,8;;;0,09;<0,05;25,48;0,20;2,86;0,700740476190476;;0,61;
;21,2;;15,25;2,5;3;34,07;15,6;65,91;;1,8;7,95;0,59;15,7;;;;0,02;56,34;0,5;0,11;;7,95;;
;;;15,25;2,5;3;34,07;12;95,91;;1,8;7,95;0,59;15,7;;;0,005;0,02;56,3;0,5;0,11;;7,95;0,48;
;21,6;;8,6;1,9;3,36;;;81,29;;2,1;7,05;591;10,91;;4,37;0,01;0,01;33,27;0,14;0,05;0,93498778998779;7,05;;
;;4;0.12;0.155;9.4;;;72.34;0.92;1.96;7.72;;8.45;;;7.4;0.003;;0;;5.33;7.436;0.84;
1013;22,5;3;37,88;7,69;0,85;0,6;0,25;44,6;0,5;2,7;8,68;429;8,8;105,7;;1,96;0,01;;<0,05;<0,001;;;0,59;
1009;17.2;2;16.4577;<4;5.4;1;4.4;92.3;0.06;2;7.632;685;8.7;90.2;;0.49;<0,02;81;0.05;0.32;;8.42;;1.8
;;;;;;;;;;;;;;;;;;;;;;;;
;;;49,18;54,21;;37,9;8,4;;;2;;;;;;0,05;0,003;25,48;2,6;0,01;;;0,8;
;;3;0.13;0.14;6.8;;;84.33;0.36;1.64;8.29;;9.59;;;0.8;0.003;;0.19;;;8.142;0.74;
0;0;0;0;0;0;0;0;0;0;0;0;0;0;0;0;0;0;0;0;0;0;0;0;0
;;;97,36;156,37;;35;;;;2;;;;;;0,05;0,003;24,62;2,4;0,01;;;0,63;
;;;27,18;7,05;3;1,8;1,2;67,1;2,2;;8,17;615;11,24;;;<0,05;<0,05;30,87;0,18;0,06;0,588196031746032;;0,45;
;;1;3;16;0,61;27,6;1,39;16,8;0,17;0,6;7,04;0,243;10,8;;;0,03;0,004;39;;;;;0,32;
;20,9;;22,75;8,2;2,9;38,08;12;70,62;;2,8;6,78;0,59;13,7;;;0,06;0,009;52,5;0,13;0,037;;6,78;;
;;;22,75;8,2;2,9;38,08;8,4;70,62;;2,8;6,78;0,59;13,7;;;0,06;0,009;52,5;0,13;0,037;;6,78;0,37;
;3;4;0,003;0,05;;;0,5;0,2;3;0,48;7;;;;;0,1;0,07;;;;0,92;;;1
;;3;0.15;0.35;;;;;;;;;;;;;;;;;;;;
;;2;<4;21;0,92;0,68;0,24;39,7;0,8;2,08;8,67;526;;;;<0,02;<0,02;72,7;0,13;0,39;;;0,56;
1005;2.4;2;17.48;;1.99;0.89;1.1;19.88;6.25;1.4;7.6;469;9.02;66.6;0,49;<0,1;;3.188;0.02;0.1;0.31;11.4;0.66;
;;;3,7;0,62;8,8;2,2;68,3;0,28;;7;0,081;;;;;0,002;176,3;;;;;;;13,2
;;;<1,0;0,52;8;1,4;45,1;0,18;;7,2;0,082;;;;;0,027;20,4;;;;;;;11,6
;;;;1,1;12;6;62,22;0,24;;7,6;0,86;;;;;0,006;54,6;;;;;;;24
0;0;0;0;0;0;0;0;0;0;0;0;0;0;0;0;0;0;0;0;0;0;0;0;0
;;;;;;1,5;0,6;55,2;;1,2;7,54;0,47;7,76;;;0,1;0,02;67,3;2,1;0,12;;;0,23;0,8
;;;137,36;176,97;;35;7,8;;;2,4;;;;;;0,05;0,003;30,58;2,4;0,01;;;0,41;
;;;70,09;99,58;3;2,1;0,9;69,3;2,2;;8,74;563;13,39;;;0,12;0,09;47,69;1,06;0,05;1,6742253968254;;0,76;
;;3;23;92;1,46;61,1;2,13;18,4;0,94;0,52;6,69;0,242;11,8;;;;0,019;64;;0,25;;;0,43;
;3;4;1,06;0,12;5,6;;0,38;0,5;1,8;;6,5;;8,5;78,5;;;0,79;;;0,2;1,73;;;5
;24,1;;41,52;22,22;2,5;;;69,3;;2;6,42;578;6,36;;;0,47;0,07;50,01;0,34;0,03;;6,09;0,53;
;;2;83;14;0,65;;;45,38;2,2;1,3;6,55;;6,17;;;0,55;0,12;47,69;2,33;0,45;;7,22;0,78;
;23,6;5;14;21;2,3;;;99,26;0,4;0,8;7,91;712;7,6;90,5;4,2;0,63;0,015;23,7;0,15;0,02;;;0,75;
1005;1.1;3;36.34;;1.9;0.94;0.96;11.36;5.625;1.5;7.4;536;8.33;59.2;0,87;;0.03;9.67;0.17;0.35;0.83;11.4;0;10.92
1012;21,9;0;0;0;0,5;3,2064;4,13;102,81;0;1,9;9,23;593;9,42;107,7;6,131;<0,1;0,06;9,6;0,37;0,05;2,38;0;0,05;130
1009;22,5;0;0;0;3;12,8256;28,67;350,96;0;1,6;6,5;537;3,77;39,3;3,16;0,05;0,01;0;1,13;0,05;15,1;16,7;0,02;8,97
1014;7,8;1;-;52;1,6;2,35;16,8336;18,35;0;2,05;6,731;512;9,14;76,8;5,62;<0,05;0,07;78;0,2;0;3,33265;0;-0,501818182;76,4
0;0;1;99;7;1,1;3,61;0;31,02;0;0;6.95;0;0;0;2,57;0;0,176;0;0,03;0,03;0;0;0;29.80
;;;111;157,54;;36,5;10,4;;;2;;;;;;0,05;0,003;35,29;2,4;0,01;;;0,48;
;;;70,09;102,3;2,5;1,9;0,6;78,1;2,2;;8,98;559;13,77;;;1,06;0,09;31,83;0,88;0,05;1,49043095238095;;0,71;
;21,2;;117,75;56,3;2,4;34,07;8,4;76,5;;1,6;8,75;0,55;18,9;;;0,2;0,034;49,62;0,7;0,2;;8,75;;
;;;117,75;56,3;2,4;34,07;;76,5;;1,6;8,75;0,55;18,9;;;0,2;0,034;49,62;0,7;0,2;;8,75;0,77;
;;4;0.28;0.32;6.8;;;124.7;1.44;1.84;7.7;;9.25;;;0.9;0.003;;0.4;;;7.591;0.6;
;;2;281,83;12,91;0,9;0,8;0,1;43,25;0;2,4;7,67;498;;;;0,51;0,02;;0,016;<0,001;;;0,73;
1002;19,2;3;25,3;48,9;1,24;1,04;0,2;38,28;0,72;1,68;8,11;1312;9,56;104,7;;<0,02;<0,02;37,9;0,06;<0,02;;7,84;;
1004;22,7;1;78,73;26,21;1,95;10,8216;17,13;9,39;1,38;7,8;29;558;6.89;116;0;0,0216;0;0,17;0,18;0;0;0;у;0
1012;22,7;0;0;0;0,45;2,8056;3,77;106,35;0;1,5;9,73;597;12,62;146,4;0;0,55;0,3;7,3;0,36;0,01;0;0;0;158
0;0;0;0;0;0;0;0;0;0;0;0;0;0;0;0;0;0;0;0;0;0;0;0;0
;;;;;;1,4;0,7;52,5;;1,4;7,74;0,467;8,89;;;0,08;0,013;72,7;2,1;0,1;;;0,29;0,4
;;;124,64;149,76;;37,9;8,4;;;1,2;;;;;;0,05;0,003;32,12;2,6;0,01;;;0,59;
;;;70,09;98,12;2,5;1,9;0,6;68,2;1,8;;7,07;543;13,86;;;1,60;0,07;26,44;0,85;0,21;1,43601111111111;;0,85;
;21,5;;172,75;79,3;1,9;38,08;0;71,79;;2,4;6,69;0,56;18,34;;;0,3;0,11;50,57;0,79;0,07;;6,69;;
;;;175,75;79,3;1,9;38,08;4,8;71,7;;2,4;6,69;0,56;18,34;;;0,3;0,11;50,6;0,79;0,07;;6,69;0,43;
;22,7;;276,6;68;3;;;88,94;;1,6;6,29;619;10,28;;8,57;0,07;0,07;31,35;0,33;0,18;1,78265262515263;6,29;;
;;4;0.33;0.27;8.4;;;133.76;1.12;1.9;7.71;;9.56;;;3.8;0.021;;0.06;;4.61;7.5;0.84;
;23,7;5;19;24;2;;;63,81;0,8;0,6;8,18;702;7,5;89,5;3,7;0,36;0,1;20,4;0,12;0,01;;;0,68;
;21,8;1;95;7;4,5;2,7;1,8;68,77;0,44;1,9;8,66;604;9,53;;;0,31;0,01;2;0,33;0,02;;;0,66;
1013;;2;202,905;8,56;0,91;0,8;0,11;48,21;0,2;2,2;9,42;490;;;;0,07;0,03;;0,21;<0,001;;;0,78;
1002;19,3;3;22,9;32,3;1,4;0,84;0,56;39,7;0,4;2,04;7,76;508;9,77;107,2;;<0,02;<0,02;34,8;0,12;;;7,84;0,4;
1004;24,3;;59,673;32,51;28;18;10;;1,4;2,68;8,52;524;10,34;124,6;;;;;0,14;0,06;;;-5,2;1,79
1009;17.3;3;88.4767;22.92;4;1;3;35.5;0.4;1.8;8.154;541;12.59;134.2;;0.72;<0,02;56;0.09;1.79;;8.3;0.28;1.9
1010;22,7;0;0;0;2,5;11,8236;23,21;229,01;0;1,6;9,13;520;13,21;153,7;10,97;0,05;0,05;0;0,71;0,1;21,33;16,7;0,22;22,9
0;0;0;0;0;0;0;0;0;0;0;0;0;0;0;0;0;0;0;0;0;0;0;0;0
1009;0;3;67;13,07;2,25;13,627;19,08;10,64;0;2,1;7,52;489;8,98;99,8;0;0,9;0;0;0,24;0;0;0;17,64705882;90,1
;;;;;;1,2;0,9;53,4;;1,2;7,73;0,458;;;;0,08;0,021;76,4;2,15;0,1;;;0,34;0,8
;;;;157,48;;32,1;7,1;;;1,6;;;;;;0,05;0,003;28,46;2,2;0,01;;;;
;;;92,81;97,34;2,5;1,9;0,6;71,5;2,4;;6,79;549;13,39;;;0,21;0,05;26,25;0,98;0,18;1,4489880952381;;0,49;
;;1;17;71;0,92;51,9;2,35;21,7;0,58;0,58;6,64;0,241;13,8;;;;0,015;53;;0,19;1,22;;0,29;
;21,3;;155,25;73,5;2,3;38,08;4,8;68,26;;1,8;7,28;0,56;17,21;;;0,09;0,062;49,61;0,63;0,08;;7,28;;
;;;155,25;73,5;2,3;38,08;7,2;68,26;;1,8;7,28;0,56;17,21;;;0,009;0,062;49,6;0,63;0,08;;7,28;0,45;
;;4;0.32;0.31;8.8;;;133.76;1.04;2.9;7.44;;9.47;;;11.4;0.003;;0.08;;;;0.95;
;24;5;15;18;1,9;;;0;0,4;0,6;8,04;715;8;;;0,65;0,014;33,3;2,26;0,024;;;0,53;
;22,5;1;102;7;2,9;1,7;1,2;68,06;0,4;2,3;8,53;555;10,12;20;7,48;1,96;0,01;17,3;4,07;0,03;;;0,76;
1008;1,4;4;13;8;1,35;0,9;0,45;35.5;0,9;2,02;7,92;418;10,96;78,3;5,09;<0,02;0,1;28;0,98;0,09;;;6;
1013;22,9;2;188,555;10,49;1,08;0,48;0,6;42,54;0,4;2;9,18;487;12,05;140,3;;<0,05;0,01;;0,21;<0,001;;;0,49;
1002;19,5;2;26,5;52,5;1,2;0,66;0,54;36,86;0,6;2,16;;;10,38;114,4;4,79;<0,02;0,08;63,1;0,17;<0,02;0,89;7,84;;
1008;23,5;2;45,54;52,77;2,21;1,4;0,74;91;0,2;2;9,8;483;11,8;139,7;;<0,02;0,026;54;0,246;0,14;;9,36;0,25;
1009;21,5;3;7,28;7,51;3,4;0,75;4,15;42,6;0,2;3,4;9,4;478;14,66;166,3;10,25;<0,02;0,02;39;1;0,04;3,1;;0;
1003;24,4;2;59,673;38,51;24;17;7;;1;2,5;8,54;532;8,98;108,7;8,48;0,55;0,06;48;0,13;0,05;;;-6,85;
1008;18;2;81.2748;13.33;4.5;0.9;3.6;86.975;0.08;2;8.67;528;13.79;146.4;9.94;0.78;<0,02;68;0.1;1.66;2.817;8.3;;1.33
1010;23,6;0;0;0;2,25;12,024;20,05;324,37;0;1,54;7,6;519;16,48;195,1;15,88;0,05;0,01;55,6;0;0,03;16,93;16,7;0,02;21
1013;22,6;0;0;0;0,45;2,8056;3,77;120,53;0;2,9;9,74;589;12,07;139,8;0;<0,1;0,08;8,8;0,32;0,06;0;0;0,98;149
1021;5;4;81;3;2,99;13;28,31;70,55;0;0,9;7,321;475;8,7;0;2,29;4,8;0,03;65;0,52;0,1;0;0;0,96;17,5
;;2;17;54;0,91;32,2;1,35;19,6;0,76;0,56;6,73;0,294;8,5;;3;0,09;0,008;19,7;;;0,38;;0,78;
;;;;;;1,4;0,8;51,2;;1,3;7,7;0,464;;;;0,06;0,018;72,2;2,1;0,12;;;0,23;0,4
;;;115,55;98,41;;119,7;26,6;;;1,8;;;;;;0,05;0,003;23,85;8,2;0,01;;;0,41;
;;;74,64;102,3;2,5;1,8;0,7;81,4;2;;9,03;556;14,27;;;0,10;0,09;24,6;0,82;0,21;1,53363888888889;;0,47;
;;2;22;81;1,49;60,7;2,15;18,9;1,22;0,52;6,63;0,296;12,37;;;;0,017;66;;0,23;1,27;;0,48;
;22,2;;170,25;94,7;2,5;38,08;7,2;71,79;;2;6,87;0,55;18,39;;;0,015;0,04;49,61;0,26;0,12;;6,87;;
;;;170,25;94,7;2,5;38,08;15,6;71,79;;2;6,87;0,55;18,39;;;0,015;0,04;49,6;0,26;0,12;;6,87;0,68;
;;2;0.33;0.27;9;;;126.6;0.88;1.82;8.2;;9.07;;;18.4;0.02;;0.18;;;7.135;;
;3,5;1;146;4;1,82;1,32;0,5;63,9;0,8;1,8;7,12;462;10,69;81,5;2,62;0,76;0,049;48;1,67;0,26;3,81;7,7;0,91;
;;;;;;1,5;0,7;53,4;;1,2;8,11;0,471;;;;0,11;0,025;69,1;2,2;0,15;;;0,34;0,4
;;;74,64;97,34;2,5;1,7;0,8;72,6;2;;8,93;530;13,3;;;0,10;0,08;30,6;0,67;0,21;1,32266666666667;;0,52;
;;;21;85;1,05;52,9;2,35;21;1,36;0,7;6,55;0,203;10,9;;;;0,017;57;;0,2;;;0,52;
;21,5;;120,25;58,2;2,6;26,05;15,6;75,32;;2;6,81;0,53;18,17;;;0,07;0,04;95,76;0,58;0,3;;6,81;;
;;;120,25;58,2;2,6;26,05;;75,32;;2;6,81;0,53;18,17;;;0,07;0,04;95,8;0,58;0,3;;6,81;0,79;
;2;5;0,007;0,125;5,7;;0,3;0,08;1,5;;6,5;;8,5;78,1;;0;0,123;;;0,2;1,68;;;1-5
;22,4;;331,9;78,8;3,12;;;88,94;;2,6;6,51;631;8,34;;7,02;0,02;0,1;30,38;0,41;0,18;1,79489621489621;6,56;;
;;3;0.38;0.45;7.9;;;38.43;0.9;2.68;7.29;;9.57;;;4;0.021;;2.3;;;7.048;;
;3,1;1;153;1;1,31;0,9;0,41;65,7;0,24;1,96;7,22;463;10,71;81,2;;0,26;0,037;44;1,28;0,02;;7,72;0,98;
1014;22,4;2;174,205;8,17;1;0,77;0,23;44,6;0,6;1,9;8,99;490;10,52;120,8;;0,22;0,02;;0,41;<0,001;;;0,68;
1005;0.8;2;26.91;;1.2;0.95;0.25;15.97;3.75;2.4;7.4;447;9.9;69.9;;;;7.063;0.89;0.1;;11.4;0.83;23.5
;;;<1,0;0,72;8;3,8;31,7;0,14;;7,4;0,071;;;;;<0,001;32,9;;;;;;;13,3
1020;6,3;4;68;66;2,5;15;21,38;65,02;0;0,84;7,568;469;9,49;77,6;0;0,9;0;48;0,69;0,1;0;0;0,94;28,8
1010;22;0;0;0;2,45;11,8236;22,6;280,06;0;2;8,21;524;11,35;130,2;4,22;0,09;0,05;45,4;0,8;0,02;15,32;0;0,19;22,3
1014;7,3;1;-;60;1,8;2,25;9,4188;27,08;0;2,6;7,053;464;8,61;1,4;0,31;0,1;0,12;94;0,5;0;2,27769;0;0,327272727;82,9
1012;22,5;2;74,84;75,36;2;11,6232;0;8,51;1,48;8,3;>40;512;7.27;85;2,8;0,0272;0;0,18;0,42;0;1,32;0;у;0
0;0;1;292;29;1,75;10,82;0;61,15;0;0;6.89;0;0;0;2,55;0;0,387;0;0,15;0,06;0,7331;0;0;44.50
1012;22,6;0;0;0;0,3;2,004;2,43;120,53;0;1,8;9,75;590;13,35;154,6;8,805;0,56;0,05;17,9;0,18;0,51;2,69;0;0;125
1009;0;2;79;14,26;2,5;12,625;22,72;163,07;0;1,95;7,53;488;9,03;99,7;0;5,72;0;81,3;0,17;0,05;0;0;29,41176471;49
;;;88,27;102,3;2,5;1,8;0,7;70,4;2,2;;8,94;537;12,88;;;0,10;0,08;26,6;0,85;0,22;1,43772619047619;;0,56;
;;;46;232;1,78;65,1;2,2;19,5;0,4;0,56;6,57;0,301;12,4;;6,7;;0,018;65;;0,26;0,74;;0,51;
;21,6;;117,75;54,3;2,5;32,06;10,8;69,44;;2,4;8,04;0,53;10,4;;;0,015;0,08;52,5;0,42;0,105;;8,04;;
;;;117,75;54,3;2,5;32,06;9,6;70,62;;2,4;8,04;0,53;10,4;;;0,15;0,08;52,5;0,42;0,105;;8,04;0,52;
;2;3;1,07;0,125;5,5;;0,3;0,28;2;1,8;6,5;;9,3;80,6;;0;0,038;;;;1,45;;;5
;;3;0,2;0,017;1,6;1,4;0,4;95,95;;1;6,71;;6,19;46;0,04;0,6;0,04;;;;;;;
;22,2;;373,3;84,6;2,64;;;93,11;;2,2;6,89;629;3,48;;;0,02;0,03;30,38;0,33;0,18;;6,91;;
;;4;0.31;0.41;9;;;136.62;1.04;3.1;7.38;;9.54;;1.5;6.8;0.015;;0.24;;;7.234;;
;24,1;;32,3;7,21;2,5;;;70,4;;1,5;6,63;556;4,64;;;0,47;0,03;35,68;0,21;0,04;;6,05;0,35;
;;4;49;7,3;2,5;;;81,5;0,4;1;7,32;598;5,68;;;0,71;0,04;47,7;0,667;0,371135698014969;;9,279;0,33;
;7,5;1;281,2;24,9;3,05;;;55,3;15;1;6,81;;6,07;;;0,21;0,13;47,69;1,22;0,25;;7,5;0,48;
;23,2;4;32;23;2,5;;;3,54;0,8;2,4;7,81;685;7,2;85,1;;2;0;71,7;0,15;0,03;;;0,78;
;21;1;102;20;5;1,9;3,1;69,48;0,8;2;8,51;546;9;82;6,96;0,01;0,01;4,9;0,07;;;;0,97;
;3,2;1;153;0;1,31;0,9;0,41;67,5;0,36;1,84;7,35;464;10,74;81,1;2,26;0,04;0,006;55;2,17;0,08;0,66;;0,92;
1008;2,4;4;9;7;1,25;0,5;0,75;1.1;0,78;2,06;8,08;480;10,68;78,4;3,62;<0,02;0,09;33,6;0,97;0,1;;;26;
;0,5;1;58;11;1,4;0,6;0,8;62,74;1,56;2,6;6,25;572;3,59;24,5;1,94;2,31;0;58,398;2;0,134;;7,23;0,61;
1014;23,1;3;202,905;8,08;0,9;0,42;0,48;41,122;0,7;2,3;8,53;477;9,27;108,2;;0,55;0,03;;1,01;<0,001;;;0,83;
;2,5;2;217,3;217,3;;12,02;4,86;71,6;1,2;1,6;7,25;479;7,44;53,9;2,7;1,62;0,03;87,91;3,32;;7,5;8,45;0,9;
;;3;14,5;56,1;1,04;0,6;0,44;39,42;0,64;1,92;;;;;;<0,02;0,08;58,1;0,19;<0,02;;;;
1010;21,5;2;4,34;<4;2,2;0,8;1,3;39,5;0,3;2,2;9,24;476;16,44;186,9;13,01;<0,02;0,03;31;<0,02;0,03;1,5;;0,65;
;1.9;4;1.4016;<4;5.7;0.4;5.3;110.05;1.02;2.8;7.57;623;2.08;15.1;1.16;2.47;;;0.59;<0,230;;8.62;;
1003;23,3;3;95,681;34,91;28;16;12;53,25;1,6;2,2;8,41;506;4,62;54,7;3,74;0,9;0,07;24;0,11;0,14;;;0,46;1,18
1005;0.7;2;122.03;7.92684;1;0.88;0.12;12.91;2.5;1.1;7.5;498;7.61;53.5;7,42;0.43;;5.593;0.85;0.29;2.6;;0.72;12.8
1008;17.7;3;81.2;1.94;4.7;0.9;3.8;46.15;0.64;1.6;7.708;530;11.81;124.6;10.06;0.6;<0,02;81;0.12;2.33;3.29;8.3;;1.72
;;;135,25;60,1;2,4;36,07;7,2;70,62;;1,6;8,09;0,55;10,4;;;;0,086;50,57;0,9;0,102;;8,09;;
;;;;;;1,4;0,6;51,2;;1,3;7,8;;;;;0,06;0,023;85,5;2;0,13;;;;0,4
;;;74,64;98,12;2,5;1,9;0,6;72,6;2;;9,09;535;14,99;;;0,10;0,09;35,3;0,87;0,21;1,57105555555556;;0,37;
;22,4;;280,25;77,4;2,3;32,06;8,4;54,14;;2;6,69;0,48;18,7;;;0,08;0,2;53,46;1,2;0,037;;6,69;;
;;;280,25;77,4;2,3;32,06;10,8;54,14;;2;6,69;0,78;18,7;;;0,08;0,02;53,5;1,2;0,037;;6,69;0,32;
;3;3;1,06;0,2;5,2;;0,4;0,38;1,74;0,3;6;;8,7;69,3;;0,7;0,053;;;;;;;
;22,6;;493,2;116,9;3,12;;;90,33;;1,8;6,14;634;9,74;;;0,03;0,03;34,23;0,2;0,16;;6,89;;
;;4;0.27;0.42;8.4;;;125.17;0.86;2.98;8.77;;9.83;;;4.4;0.003;;0.08;;;8.483;;
;;4;108;4,1;1,5;;;29,8;0,4;0,45;6,47;329;6,02;;;0,82;0,08;46,7;1,01;0,43621867881549;;;0,74;
;3,6;1;210;4;1,98;1,58;0,4;69,1;0,32;3,94;7,7;725;;;;1,8;0,432;57;0,81;0,06;;7,7;0,47;
;;;7,39;0,6;8;2,4;53,68;0,16;;6,8;0,92;;;;;0,005;57,5;;;;;;;13,9
;;;3,7;0,76;6,4;5,3;32,9;0,16;;7,3;0,082;;;;;0,011;19,1;;;;;;;9,6
1010;19,3;0;0;0;2,1;10,4208;19,2;280,06;0;2;7,33;490;4,31;46,9;0;0,18;0,22;0;0,75;0,18;0;11,3;0,23;56,5
;;;301,9;132,65;2,5;1,7;0,8;81,4;2;;6,83;469;;;;0,59;0,45;32,1;2,35;0,21;4,5335;;0,48;
;;;75;277;2,46;62,3;2,95;49,7;0,85;0,8;6,44;0,307;;;;;0,025;74;;0,48;;;0,81;
;;1;2;13;0,87;30,1;1,42;15,7;0,12;0,5;;0,261;10,2;;;0,04;0,003;3,4;;;;;0,22;
;19,3;;122,2;63,4;2,6;32,06;10,8;54,14;;1,5;8,01;0,51;6,3;;;;0,07;53,46;0,7;0,09;;;;
;4;4;1,09;0,21;5,6;;0,28;0,28;1,58;;6,5;;9,3;80,1;;0,5;0,07;;;;2,18;;;1
;;5;0,7;0,086;1,6;1,4;0,2;95,95;0,92;1,6;6,8;;;;1,4;0,3;0,06;;;;;;0,6;
;20,6;;322,7;18,8;3,48;;;62,53;;2;6,42;529;7,36;;1,65;0,26;0,25;42,88;2,85;0,37;5,91511904761905;6,66;;
;;4;108;6,8;1,4;;;29,4;0,6;0,4;5,84;329;6,24;;;1,41;0,05;42,9;1,186;0,387406443215099;;9,345;0,47;
;7;3;253,5;19,5;1,4;;;48,21;1,8;0,4;6,34;;5,65;;;1,64;0,15;57,31;2,59;0,45;;;0,44;
;19,3;3;29;34;2;;;14,18;0,8;0,8;7,36;416;2,6;67,8;5,4;2,04;0,13;23,7;0,7;0,12;;;0,53;
;17,2;1;368;24;4,2;1,7;2,5;56,01;0,7;1,84;7,91;409;8,34;37;3,6;1,83;0,17;2;2,48;0,13;;;0,47;
;4,7;1;282;12;1,14;0,82;0,32;53,88;0,32;1,84;7,3;448;9,66;76;3,29;1,75;0,062;26;2,38;0,08;1,59;7,5;0,7;
1001;20;5;116,5;153,3;1;0,8;0,2;32,33;0,8;2,2;7,47;500;11,29;125,5;;4,94;0,05;45,4;1,28;0,98;;;;
;21,2;;788,13;39,95;2,5;;;72,6;;1,5;6,25;463;2,66;;;0,87;0,1;35,15;3,65;0,19;;5,32;0,51;
;;;73;264;2,43;61,7;2,93;49,9;0,96;0,9;6,57;0,276;9,1;;5,9;;0,029;72;;0,47;;;0,71;
;21,7;;428,65;31,77;2,5;;;81,4;;1,5;6,45;492;5,83;;;0,69;0,1;44,3;1,51;0,05;;6,01;0,31;
1020;7,2;3;346;56;2,65;18;21,26;52,18;0;0,84;7,358;250;9,03;75,6;4,76;2,5;0,08;54;3,18;0,22;0;0;0,66;24,4
1010;18,9;0;0;0;2,5;11,022;23,69;226,88;0;2;0;485;4,8;52;3,86;0,05;0,01;40,3;0;0,03;0;11,3;0,28;0
0;0;0;-;149;1,9;0,05;13,4268;7,5;0;1,75;6,792;499;5,53;62,8;0;1,6;0,1;204;0,3;0;0;0;0,712727273;62,2
0;0;2;301;27;2,8;10,02;0;73,56;0;0;6.98;0;0;0;6,64;0;0,202;0;0,17;0,13;0;0;0;49.20
1004;45553;0;0;0;0,6;4,4088;4,62;67,36;0;1,9;7,37;415;4,13;44,5;10,879;<0,1;0,17;2,3;2,49;0,34;5,92;0;0,4;93,5
1010;0;4;227;71,31;2,45;11,623;22,72;113,44;0;2,05;7,11;405;8,53;95,4;0;7,81;0,09;118;1,26;0,09;0;0;-5,882352941;101,2
1012;19,6;4;267,6;224,1;1,85;10,02;16,4;3,19;1,68;6,9;24;391;3,97;43,3;1,8;0,1326;0;1,12;3,7;0,33;1,73;0;в;0
;;;292,82;110,12;2,5;1,6;1,4;79,3;1,8;;6,87;468;3,25;;;0,71;0,46;28,46;6,45;0,21;7,86465555555555;;0,53;
;2;4;0,009;0,19;;;;0,38;1,62;0,36;7,5;;;;;0,2;0,096;;;;;;;5
;20,9;;359,5;3,7;3,36;;;65,31;;1,6;6,47;526;8,55;;;0,14;0,2;36,15;2,45;0,24;;6,55;;
;;3;0,24;0,27;7,4;;;72,92;0,88;1,48;7,15;;4,34;;;6,8;0,024;;0,08;;5,3;7,807;0,75;
;20;;267,35;11,3;1,9;;;79,3;;1,4;6,45;461;6,75;;;0,59;0,06;35,55;0,71;0,13;;6,02;0,29;
;;3;49;2,1;3,07;;;42,5;0,2;0,45;6,58;392;5,13;;;1,06;0,04;49,6;0,745;0,289781972014318;;7,955;0,7;
;8;4;216,7;12,7;0,65;;;46,79;3,8;1;6,37;;5,04;;;1,87;0,12;57,31;2,33;0,4;;;0,16;
;;5;25;31;1,3;;;35,45;0,4;0,5;6,93;375;7,5;;;0,17;0,11;33,1;0,1;0,1;;;0,61;
;15;1;390;20;4,2;1,2;3;53,88;0,74;1,86;7,7;479;;68;;6,66;0,14;15,1;0,93;0,12;;;0,97;
1013;20;3;410,98;8,37;1,8;0,75;1,05;27;0,3;1,6;7,74;380;9,04;100,9;;0,92;0,08;;3,23;1,53;;;0,66;
;1,8;2;317,71;317,71;;14,03;4,06;75,19;0,8;2,8;7,25;498;11,5;81,6;5,11;1,4;0,01;91,6;<0,1;;5,11;8,4;0,9;
1001;15,9;0;176,4;354,9;1,2;0,5;0,7;28,36;0,4;1,24;7,76;360;7,59;77,7;;0,86;0,19;62,9;3,68;0,58;;;;
1011;18,1;2;172,08;<4;2,6;0,8;4,9;30,125;1,6;2,6;7,79;453;7,32;77,8;5,9;1,07;6,38;44;5,8;0,11;12,4;;0,54;
;18,3;;341,1;16,1;2,78;;;73,65;;2;6,88;545;7,75;;1,92;0,28;0,21;39,04;2,32;0,19;4,95398351648352;7,1;;
1005;0.6;2;147.45;59.51236;1;0.73;0.27;12.07;12.5;1.6;7.4;408;10.19;71.4;5,31;1.01;0.07;3.728;0.72;0.25;2.43;;0.51;16.2
;;;20,25;8,2;2,1;28,06;;51,79;;1,8;7,45;0,39;10,7;;;0,005;0,01;47,7;0,14;0,053;;7,51;0,59;
;;;6,2;2,1;;;;;;;7,01;472;;;;;0,05;18,85;0,2;0,08;;;;
;;1;30,705;7,59;1,35;0,69;0,66;34,74;0,2;1,6;8,6;434;;;;0,07;<0,01;;<0,05;<0,001;;;0,37;
1004;15;3;196,5;0;0,35;0,8016;2,55;0,4;1,75;7,3;38;0;0,07;0,7;0;0,0079;0;0,23;0,22;0;0;0;-;0
;;3;16,464;<4;20;14;6;;1,8;1,52;8,55;464;;;;;;50;0,1;0,03;;6,6;-3,8;1,49
1005;1.7;2;11.74;;1;0.85;0.15;10.65;4.375;2.2;7.7;506;4.88;37.3;;<0,1;<0,01;;0.19;;;9.9;0;
;;;38,27;7,1;2,1;1,6;0,5;81,4;2;;8,04;399;2,75;;;<0,05;<0,05;18,56;0,20;0,05;0,311786507936508;;;
;;;20,25;8,2;2,1;28,06;8,4;51,79;;1,8;7,45;0,39;10,7;;;;0,004;47,69;0,14;0,053;;7,51;;
;19,1;2;31;1;6,8;1,3;5,5;56,72;0,72;1,92;8,28;426;4,26;;;0,6;0,01;14,1;0,05;0,07;;;;
;4,6;1;31;0;1,4;1,06;0,34;63,81;0,16;1,92;7,2;432;9,88;77,6;;0,2;0;57;0,41;0,06;;7,5;0,71;
1013;;;378,8;7,59;95;0,8;0,15;36,16;0,02;2;8,79;431;;;;<0,05;<0,01;;;<0,001;;;0,79;
;;;;;0,84;0,68;0,16;;0,96;1,6;;;;;;;;;;;;7,7;;
1004;2.7;2;14.2;;1.7;0.92;0.78;21.65;0.625;2.2;7.3;510;8.28;61.5;;;0.01;;0.24;0.05;;9.9;0.38;5.2
1004;3.7;2;10.1;;1;0.94;6.00000000000001E-02;29.5;5;1.8;7.6;313;3.89;29.2;;;;;0.07;;;9.9;0.79;
1005;1;2;11.74;32.24372;1.5;0.81;0.69;12.56;4.375;2.4;7.7;460;10.72;76.6;;;<0,01;5.593;0.42;0.02;;9.9;0.76;5.51
;;2;23.6596;<4;4.5;0.7;3.8;35.5;0.18;1.6;8.163;;;;1.41;0.49;<0,02;52;0.05;1.26;1.77;8.68;;1.71
1005;3.1;4;29.78;;1.5;0.75;0.75;25.2;2.5;1.8;7.3;359;3.23;24.6;;;<0,01;;0.06;0.06;;9.9;0.44;5.85
;;2;9.2558;0.14;4.5;0.6;3.9;35.5;0.1;1.8;7.956;;;;0.07;0.49;<0,02;60;0.05;1.99;4.85;8.68;;1.38
;;2;15.84;12.14364;1.1;0.95;0.15;15.56;3.125;2.2;;;;;;0.11;;3.723;0.15;0.08;;9.9;0.68;7.85
;;4;12.85675;<4;4.2;1.1;3.1;55.735;0.1;1.6;;;;;;0.54;<0,02;118;0.06;0.92;1.48;8.68;;
;;;45,25;14;3,3;36,07;;62,38;;1,4;6,6;0,6;26;;;0,005;0,013;55,5;0,7;0,04;;7,61;0,61;
;;3;<4;16,5;0,5;0,38;0,12;45,37;1,2;2,04;7,83;559;;;;<0,02;<0,02;62,1;0,1;<0,02;;;0,53;
;;;33,73;7,05;3;2;1;83,6;2,4;;7,95;599;2,4;;;<0,05;<0,05;28,46;0,48;0,07;0,5716;;;
;;;;;;;;;;;;;;;;;;;;;;;;
1003;24,1;3;30,867;<4;30;19;11;71;1,6;2,4;8,53;555;8,11;97,5;3,29;;;;0,12;0,03;;;-9,2;1,32
;;4;311.7356;31.32;6.8;1.3;5.5;46.15;0.5;2.4;7.336;;;;;1.25;<0,02;81;0.25;1.06;5.265;8.42;;1.99
0;0;0;0;0;0,4;2,4048;3,4;90,4;0;2,25;8,11;614;0;0;0;0;0,04;0;0;0,19;0;0;0;48,3
;3,9;1;342;0;1,48;1,16;0,32;86,3;0,16;2,36;7,4;530;10,69;82,3;;0;0,001;66;1,07;0,34;;7,5;0,98;
1014;8;1;-;11;0;3;16,032;26,73;0;2,2;7,172;596;8,61;72,6;1,35;<0,05;0,12;9;0;0;2,3027;0;0,845360825;44,7
;;;45,25;14;3,3;36,07;18;62,38;;1,4;6,6;0,6;2,26;;;;0,013;51,53;0,7;0,04;;7,61;;
;25;;4,65;33,13;3;;;69,3;;1,6;6,61;520;7,38;;;0,46;0,27;20,75;0,08;0,05;;6,47;0,47;
;7,5;1;198,2;5,8;1,4;;;59,56;3;1;6,79;;5,84;;;0,32;0,1;28,46;0,71;0,24;;;0,66;
;21;4;124;7;3,8;;;7,09;0,8;0,8;7,56;302;8,1;91,6;3,7;1,3;0,04;144;0,18;0,019;;;0,5;
;22,1;;;;;;;;;;;;9,08;;;;0,01;;;;;;0,67;
1021;6,2;4;25;0;3,09;18;26,61;98,55;0;0,32;7,915;592;10,5;0;0;0;0;56;0,07;0,1;0;0;0,62;9,63
0;0;0;0;0;3,22;20,04;26,97;439,58;0;2;7,19;0;0;0;0;0,05;0,01;71,7;0,51;0,01;0;0;0,08;21
1004;23,4;1;24,84;9,95;2;12,024;17,01;12,94;1,87;7,7;>40;600;7,3;85,7;0;0,0059;0;0,11;0;0;0;0;в;0
1009;0;2;22,37;3,42;3,25;16,032;29,77;31,91;0;1,8;7,74;617;9,84;108,4;0;1,45;0;84,9;0,12;0,01;0;0;11,76470588;65,3
1013;22,9;0;0;0;0;2,004;-1,22;90,4;0;2,3;8,25;618;7,55;81,9;0;3,14;<0,01;12,9;0,22;0,07;0;0;0;57,5
;;1;49;8,3;;;;81,5;0,4;1,1;6,92;592;4,94;;;0,74;0,2;23,7;0,363;0,322323462414579;;9,006;0,73;
1004;3.7;2;17.48;4.13172;1.88;0.87;1.01;;5;1.8;7.2;499;2.31;17.6;;<0,1;<0,01;5.059;0.15;0.11;;11.4;0.83;7.45
0;0;3;23;40,08;0;0;0;10,64;0;1,3;7,38;0;0;0;0;0,85;0,03;0;0,29;0;0;0;17,64705882;95,8
;;;;;;1,5;0,6;50,3;;1,4;7,76;0,459;;;;0,05;0,025;70,9;2,1;0,14;;;0,28;0,4
;;;142,75;63,9;2,6;40,08;;63,65;;2,6;6,74;0,56;12,51;;;0,2;0,07;57,3;1,2;0,08;;0,74;;
;;;198,2;35,1;;;;;;;6,48;622;;;;0,09;0,04;31,35;0,23;0,17;;;;
;23,7;2;32;8;1,8;;;10,63;0,4;0,3;;;7,5;;;0,71;0,2;26;0,023;0,15;;;;
;;;124,487;49,30;25;17;8;97,6;1,2;2,5;8,56;522;;;;;;;0,11;0,09;;;-9,3;
;;;79,18;96,81;3;2,1;0,9;77;2,4;;8,75;563;7,93;;;0,12;0,08;27,4;1,01;0,21;1,38525;;;
;;;142,75;63,9;2,6;40,08;7,2;63,55;;2,6;6,74;0,56;12,51;;;0,2;0,07;57,3;1,2;0,08;;6,74;;
;;2;;;;;;;0,88;1,8;8;514;;;;<0,02;0,02;131;0,14;<0,02;;7,84;0,42;
;;4;311.7356;68.49;3.5;0.85;2.65;95.85;0.44;1;7.449;;;;;0.87;<0,02;75;0.18;1.06;2.186;8.3;0.26;1.73
0;0;0;0;0;0;0;0;306,64;0;1,76;9,05;0;0;0;0;0,05;0,05;0;0,44;0,02;0;16,7;0,3;34
;;;;;;1,5;0,8;20,9;;1,2;7,55;0,542;;;;0,08;0,025;41,8;2,1;0,16;;;0,41;0,4
;2,9;1;174;2;1,41;1,28;0,13;56,08;0,24;1,76;7,1;463;10,76;80,6;;0,06;0,019;64;1,21;0,05;;7,72;0,85;
;;;135,25;60,1;2,4;36,07;;69,44;;1,6;8,09;0,55;10,4;;;0,005;0,06;50,6;0,9;0,102;;8,09;0,46;
1021;6,6;2;84;10;2,01;16;14,95;60,34;0;2,9;7,697;473;10,35;85,2;2,11;0,8;0,09;54;0,26;0,1;0;0;0,67;41
0;0;0;0;0;0;0;0;0;0;0;7,79;0;0;0;0;0;0;0;0,1;0;0;0;0;13,3
;;;177,75;85,1;2,5;38,08;7,2;77,686;;1,8;8,85;0,53;;;;0,0858;0,071;49,6;0,9;0,011;;;0,3;
;4;4;1,09;0,17;5,2;;0,3;2,94;1,62;;6,5;;8,7;;;0,1;0,105;;;0,2;;;;5
;;;177,75;85,1;2,5;38,08;7,2;77,68;;1,8;8,85;0,53;;;;0,085;0,071;49,61;0,9;0,011;;;;
;;4;255;32;1,29;;;31,2;0,5;0,6;6,18;337;6,24;;;1,53;0,24;76,5;1,598;0,135209892613082;;;0,74;
;3;3;0,05;0,1;;;0,3;;1,6;0,6;6;;;;;0;;;;;1,54;;;1
0;0;0;0;0;0;0;0;0;0;0;0;0;0;0;0;0;0;0;0;0;0;0;0;0
1018;7;3;220;34;2,7;19;21,38;55,87;0;3;7,244;480;5,89;49;2,73;2,1;0,09;60;0,61;0,1;0;0;0,85;32,6
;;3;172,08;<4;;0,9;0,4;28,4;;;;;;;;;15,05;39;1,2;0,08;;;0,18;
;;4;0,104;0,038;1,4;1,6;0;85,93;0,92;1,3;6,66;;;;;0,34;0,07;;;;;;0,63;
;;4;0,106;0,086;0;1,6;0;111,71;1,16;1,8;6,6;;;;5,4;0,15;0,074;;;;0,9;;0,59;
1010;20;0;0;0;2;11,8236;17,13;175,83;0;1,66;7,5;413;7,32;80,8;1,16;0,05;0,01;0;0;0,03;9,17;11,3;0,21;60,3
0;0;0;-;241;<1;0,05;15,2304;8,63;0;1,85;6,851;511;7,54;85,8;0;0,6;0,1;228;0,4;0;0;0;-0,114545455;65,4
1010;0;4;242;72,51;2,5;12,826;22.60;28,36;0;2;7,16;391;8,69;95,7;0;7,07;0,1;96,7;1,31;0,09;0;0;11,76470588;83,4
0;0;3;295;27;2,25;10,42;0;62,92;0;0;6.97;0;0;0;2,42;0;0,213;0;0,17;0,05;0;0;0;52.80
0;0;0;0;0;0;0;0;0;0;0;0;0;0;0;0;0;0;0;0;0;0;0;0;0
1012;18,6;1;237,6;18,49;1,75;8,8176;15,92;4,08;1,3;7,2;>40;350;5,22;55,9;0;0,0642;0;0,47;0,3;0,29;1,73;0;у;0
;;3;49;1,5;1;;;;0,5;0,5;6,02;407;5,07;;;0,7;0,14;49,6;0,559;0,45248942401562;;;;
;9;2;262,7;23,6;1;;;39,7;1,8;0,8;6,45;;5,33;;;0,24;0,15;62,12;2,06;0,45;;;0,26;
;17,6;1;368;20;4,9;2,1;2,8;51,76;0,5;1,74;7,71;413;8,25;85;1,73;0,99;0,01;;1,9;0;;;0,71;
1002;16;;28,9;131,7;0,56;0,3;0,26;40,55;0,6;1,72;7,94;467;8,29;84,9;2,86;<0,02;0,73;41,9;0,89;<0,02;1,93;;;
;4,3;1;153;4;1,33;0,9;0,43;58,22;0,28;1,8;6,79;406;8,88;69,2;1,43;0,12;0,001;54;2,07;0,11;4,06;7,5;0,85;
;;;;0,9;11,6;6;17,08;1,6;;6,8;;;;;;0,011;1;;;;;;;1,9
1019;6;2;388;47;2,06;15;16,04;50,69;0;2;7,305;235;8,62;71,7;5,16;0,8;0,09;54;3,24;0,1;0;0;0,74;25,6
1009;19,5;0;0;0;2,5;10,02;24,3;315,51;0;1,4;8,13;404;7,43;0;0;0,05;0,21;116,8;0;0,01;0;11,3;0,06;53,9
0;0;0;-;184;<1;0,05;13,6272;7,65;0;1,75;6,778;506;8,43;95,1;0;0,2;0,15;111;0,3;0,4;0;0;0,360824742;68,4
0;0;0;0;0;0;0;0;0;0;0;0;0;0;0;0;0;0;0;0;0;0;0;0;0
0;0;0;0;0;0;0;0;0;0;0;0;0;0;0;0;0;0;0;0;0;0;0;0;0
1010;0;3;216;66,17;3,8;15,631;36,69;99,26;0;2,15;7,03;385;8,2;90,6;0;7,3;0,01;0;1,37;0;0;0;5,882352941;97
;;2;152.78;30.97868;1;0.81;0.19;19.17;1.875;1;7.5;650;;;;0.1;0.04;5.593;0.66;0.36;;;0;