;Давление атм возд, hPa;Температура воды, градус C;Запах, баллы;Цветность, градусы;Мутность, ЕМФ;Жобщ, мг-экв/л;Кальций, мг/л;Магний, мг/л;Хлориды, мг/л;Кислотность, мг-экв/л;Щелочность, мг-экв/л;pH;УЭП, мСм/см;Растворённый_кислород, мгО2/л;Растворённый_кислород, %;БПК5, мгО2/л;Аммоний, мг/л;Нитриты, мг/л;Сульфаты, мг/л;Железо_общее, мг/л;Фосфаты, мг/л;ИЗВ;Индекс ITS;Хемотаксис (индекс);Нитраты мг/л
0;0.0;0.0;0.0;0.0;0.0;0.0;0.0;0.0;0.0;0.0;0.0;0.0;0.0;0.0;0.0;0.0;0.0;0.0;0.0;0.0;0.0;0.0;0.0;0.0;0.0
1;0.0;0.0;0.0;0.0;0.0;0.0;0.0;0.0;0.0;0.0;0.0;0.0;0.0;0.0;0.0;0.0;0.0;0.0;0.0;0.0;0.0;0.0;0.0;0.0;0.0
2;144.57142857142858;0.0;0.2857142857142857;1.125;0.5555555555555556;0.0;1.5555555555555556;0.5;6.87875;0.0;0.0;1.5;63.5;0.0;0.0;0.0;0.0;0.0;3.4444444444444446;0.0;0.0;0.0;0.0;0.0;0.0
3;289.14285714285717;0.0;0.5714285714285714;2.25;1.1111111111111112;0.0;3.111111111111111;1.0;13.7575;0.0;0.0;3.0;127.0;0.0;0.0;0.0;0.0;0.0;6.888888888888889;0.0;0.0;0.0;0.0;0.0;0.0
4;433.7142857142858;0.0;0.8571428571428571;3.375;1.6666666666666667;0.0;4.666666666666667;0.875;20.63625;0.0;0.0;4.5;190.5;0.0;0.0;0.0;0.0;0.0;10.333333333333334;0.0;0.0;0.0;0.0;0.0;0.0
5;578.2857142857143;0.0;1.1428571428571428;4.5;2.2222222222222223;0.0;6.222222222222222;0.75;27.515;0.0;0.0;6.0;254.0;0.0;0.0;0.0;0.0;0.0;13.777777777777779;0.0;0.0;0.0;0.0;0.0;0.0
6;722.8571428571429;0.0;1.4285714285714284;5.625;2.7777777777777777;0.0;7.777777777777778;0.625;34.39375;0.0;0.0;7.5;317.5;0.0;0.0;0.0;0.0;0.0;17.22222222222222;0.0;0.0;0.0;0.0;0.0;0.0
7;867.4285714285716;0.0;1.7142857142857142;6.75;3.3333333333333335;0.0;9.333333333333334;0.5;41.2725;0.0;0.0;9.0;381.0;0.0;0.0;0.0;0.0;0.0;20.666666666666668;0.0;0.0;0.0;0.0;0.0;0.0
8;1012.0;0.0;2.0;7.875;3.8888888888888893;0.0;10.88888888888889;0.375;48.151250000000005;0.0;0.0;10.5;429.0;0.0;0.0;0.0;0.0;0.0;24.111111111111114;0.0;0.0;0.0;0.0;0.0;0.0
9;1008.0;0.0;2.0;9.0;4.444444444444445;0.0;12.444444444444445;0.25;55.03;0.0;0.0;12.0;477.0;0.0;0.0;0.0;0.0;0.0;27.555555555555557;0.0;0.0;0.0;0.0;0.0;0.0
10;1020.0;0.0;4.0;22.0;5.0;0.0;14.0;0.125;27.515;0.0;0.0;13.5;481.0;0.0;0.0;0.0;0.0;0.0;31.0;0.0;0.0;0.0;0.0;0.0;0.0
11;0.0;0.0;0.0;0.0;0.0;0.0;0.0;0.0;0.0;0.0;0.0;15.0;0.0;0.0;0.0;0.0;0.0;0.0;0.0;0.0;0.0;0.0;0.0;0.0;0.0
12;0.0;0.0;0.0;0.0;0.0;0.11764705882352941;0.7222222222222222;2.0;9.8;0.0;0.3333333333333333;16.5;0.0;0.0;0.0;0.0;0.0;0.0;0.0;0.006842105263157895;0.0;0.0;0.0;0.03;0.0
13;1004.0;3.0;1.0;1.4545454545454546;0.0;0.23529411764705882;1.4444444444444444;4.0;19.6;0.058823529411764705;0.6666666666666666;18.0;461.0;0.5733333333333334;4.090909090909091;0.0;0.0;0.0;10.0;0.01368421052631579;0.0;0.0;0.0;0.06;0.0
14;1004.75;6.0;1.25;2.909090909090909;0.0;0.3529411764705882;2.1666666666666665;6.0;29.400000000000002;0.11764705882352941;1.0;17.38235294117647;448.8;1.1466666666666667;8.181818181818182;0.0;0.0;0.0;20.0;0.020526315789473684;0.001764705882352941;0.031176470588235295;0.5823529411764706;0.09;0.31470588235294117
15;1005.5;9.0;1.5;4.363636363636363;0.0;0.47058823529411764;2.888888888888889;8.0;39.2;0.1764705882352941;1.3333333333333333;16.764705882352942;436.6;1.7200000000000002;12.272727272727273;0.0;0.0;0.0;30.0;0.02736842105263158;0.003529411764705882;0.06235294117647059;1.1647058823529413;0.12;0.6294117647058823
16;1006.25;12.0;1.75;5.818181818181818;0.0;0.5882352941176471;3.611111111111111;10.0;49.0;0.23529411764705882;1.6666666666666665;16.147058823529413;424.4;2.2933333333333334;16.363636363636363;0.0;0.0;0.0;40.0;0.034210526315789476;0.005294117647058823;0.09352941176470589;1.7470588235294118;0.15;0.9441176470588235
17;1007.0;15.0;2.0;7.272727272727273;0.0;0.7058823529411764;4.333333333333333;12.0;48.0;0.29411764705882354;2.0;15.529411764705882;412.2;2.8666666666666667;20.454545454545453;0.0;0.0;0.0;40.375;0.04105263157894737;0.007058823529411764;0.12470588235294118;2.3294117647058825;0.18;1.2588235294117647
18;1007.75;18.0;2.25;8.727272727272727;0.0;0.8235294117647058;5.055555555555555;14.0;47.0;0.3529411764705882;2.0;14.911764705882353;400.0;3.4400000000000004;24.545454545454547;0.0;0.0;0.0;40.75;0.04789473684210527;0.008823529411764706;0.15588235294117647;2.9117647058823533;0.21;1.5735294117647058
19;1008.5;21.0;2.5;10.181818181818182;0.0;0.9411764705882353;5.777777777777778;16.0;46.0;0.4117647058823529;2.0;14.294117647058822;404.75;4.013333333333334;28.636363636363637;0.0;0.0;0.0;41.125;0.05473684210526316;0.010588235294117647;0.18705882352941178;3.4941176470588236;0.24;1.888235294117647
20;1009.25;21.25;2.75;11.636363636363637;0.0;1.0588235294117647;6.5;18.0;45.0;0.47058823529411764;2.0;13.676470588235293;409.5;4.586666666666667;32.72727272727273;0.0;0.0;0.0;41.5;0.06157894736842105;0.012352941176470587;0.21823529411764706;4.076470588235295;0.27;2.2029411764705884
21;1010.0;21.5;3.0;13.090909090909092;0.0;1.1764705882352942;7.222222222222222;17.22222222222222;44.0;0.5294117647058824;2.0;13.058823529411764;414.25;5.16;36.81818181818182;0.0;0.0;0.0;41.875;0.06842105263157895;0.014117647058823528;0.24941176470588236;4.658823529411765;0.3;2.5176470588235293
22;1010.75;21.75;2.0;14.545454545454547;0.0;1.2941176470588236;7.944444444444445;16.444444444444443;43.0;0.5882352941176471;2.0;12.441176470588236;419.0;5.733333333333333;40.90909090909091;0.0;0.0;0.0;42.25;0.07526315789473685;0.01588235294117647;0.28058823529411764;5.241176470588235;0.32999999999999996;2.8323529411764703
23;1011.5;22.0;1.0;16.0;0.0;1.4117647058823528;8.666666666666666;15.666666666666666;42.0;0.6470588235294118;2.0;11.823529411764707;828.0;6.306666666666667;45.0;0.0;0.0;0.0;42.625;0.08210526315789474;0.01764705882352941;0.31176470588235294;5.8235294117647065;0.36;3.1470588235294117
24;1012.25;19.014285714285716;1.0;59.0;0.0;1.5294117647058822;9.38888888888889;14.88888888888889;41.0;0.7058823529411764;2.0;11.205882352941176;431.0;6.880000000000001;79.0;0.0;0.0;0.0;43.0;0.08894736842105264;0.01941176470588235;0.34294117647058825;6.405882352941177;0.39;3.461764705882353
25;1013.0;16.02857142857143;0.5;44.25;2.281633333333333;1.6470588235294117;10.11111111111111;14.11111111111111;40.0;0.7647058823529411;2.0;10.588235294117647;421.0;7.453333333333334;78.0;0.0;0.0;0.0;45.25;0.09578947368421054;0.021176470588235293;0.37411764705882355;6.988235294117647;0.42;3.776470588235294
26;1007.0;13.042857142857144;0.0;29.5;4.563266666666666;1.7647058823529411;10.833333333333334;13.333333333333332;39.0;0.8235294117647058;2.0;9.970588235294118;439.0;8.026666666666667;77.0;0.0;0.0;0.0;47.5;0.10263157894736842;0.022941176470588232;0.40529411764705886;7.570588235294118;0.44999999999999996;4.091176470588235
27;1001.0;10.057142857142859;3.0;14.75;6.844899999999999;1.8823529411764706;11.555555555555555;12.555555555555555;38.0;0.8823529411764706;2.0;9.352941176470587;1051.0;8.6;125.0;0.0;0.0;0.0;49.75;0.10947368421052632;0.024705882352941175;0.4364705882352941;8.15294117647059;0.48;4.405882352941177
28;1009.0;7.071428571428573;3.0;0.0;9.126533333333333;2.0;12.277777777777777;11.777777777777779;32.06666666666666;0.9411764705882353;2.0;8.735294117647058;560.0;9.173333333333334;107.8;0.0;0.0;0.0;52.0;0.11631578947368422;0.026470588235294114;0.4676470588235294;8.73529411764706;0.51;4.720588235294118
29;1004.0;4.085714285714289;2.0;6.485;11.408166666666666;24.0;13.0;11.0;26.133333333333333;1.0;2.0;8.117647058823529;528.0;9.746666666666668;90.6;0.0;0.0;0.0;15.0;0.1231578947368421;0.028235294117647056;0.4988235294117647;9.31764705882353;0.54;5.035294117647059
30;1004.0;1.1;2.0;12.97;13.6898;1.8;0.86;0.94;20.2;5.625;2.0;7.5;496.0;10.32;73.4;0.0;0.0;0.0;5.86;0.13;0.03;0.53;9.9;0.57;5.35
31;502.0;0.55;1.0;246.0;1.0;1.2000000000000002;1.05;0.7833333333333333;21.858571428571427;2.8125;1.6666666666666667;7.875;533.0;5.16;36.7;0.0;0.0;0.0;50.0;0.0975;0.019999999999999997;0.265;4.95;0.48857142857142855;16.233333333333334
32;0.0;0.0;0.0;0.0;0.0;0.6000000000000001;1.24;0.6266666666666667;23.517142857142858;0.0;1.3333333333333335;8.25;0.0;0.0;0.0;0.0;0.0;0.0;0.0;0.065;0.009999999999999998;0.0;0.0;0.40714285714285714;27.116666666666667
33;1013.0;0.0;0.0;5.0;19.0;0.0;1.4300000000000002;0.47;25.175714285714285;0.0;1.0;8.625;462.0;22544.0;33.0;0.0;0.0;0.0;66.0;0.0325;0.0;0.0;0.0;0.3257142857142857;38.0
34;1004.0;0.0;1.0;10.0;15.666666666666666;0.2857142857142857;1.62;0.31333333333333335;26.834285714285713;0.0;0.6666666666666667;9.0;460.0;45088.0;66.0;0.0;0.0;0.0;44.0;0.0;0.0;0.0;0.0;0.24428571428571427;0.0
35;1009.0;0.0;2.0;15.0;12.333333333333332;0.5714285714285714;1.81;0.15666666666666673;28.49285714285714;0.0;0.3333333333333335;7.945;474.0;43209.65458333334;99.0;0.0;0.0;0.0;22.0;0.002173913043478261;0.0;0.0;0.0;0.16285714285714287;11.65
36;0.0;0.0;1.0;70.0;9.0;0.8571428571428571;2.0;0.0;30.15142857142857;0.0;0.0;6.89;466.5;41331.309166666666;0.0;0.01;0.0;0.0;0.0;0.004347826086956522;0.0;0.0;0.0;0.0814285714285714;23.3
37;1012.0;0.42857142857142855;0.0;0.0;0.0;1.1428571428571428;1.9238095238095239;0.5;31.81;0.0;0.2857142857142857;9.0;459.0;39452.96375;2.5384615384615383;0.02;0.0;0.0;3.7857142857142856;0.006521739130434783;0.0;0.025416666666666667;0.0;0.0;22.82857142857143
38;1011.5714285714286;0.8571428571428571;0.6666666666666666;4.9;0.0;1.4285714285714284;1.8476190476190477;1.0;33.46857142857143;0.054000000000000006;0.5714285714285714;8.5;436.6666666666667;37574.61833333333;5.076923076923077;0.03;0.0;0.0;7.571428571428571;0.008695652173913044;0.0;0.050833333333333335;0.41550000000000004;0.0;22.357142857142858
39;1011.1428571428571;1.2857142857142856;1.3333333333333333;9.8;0.0;1.7142857142857142;1.7714285714285714;6.666666666666667;35.12714285714286;0.10800000000000001;0.8571428571428571;8.0;414.3333333333333;35696.27291666667;7.615384615384615;0.04;0.0;0.0;11.357142857142858;0.010869565217391304;0.0;0.07625;0.8310000000000001;0.0;21.885714285714286
40;1010.7142857142857;1.7142857142857142;2.0;14.700000000000001;0.0;2.0;1.6952380952380952;12.333333333333334;36.785714285714285;0.16200000000000003;1.1428571428571428;7.5;392.0;33817.9275;10.153846153846153;0.05;0.0;0.0;15.142857142857142;0.013043478260869566;0.0;0.10166666666666667;1.2465000000000002;0.0;21.414285714285715
41;1010.2857142857143;2.142857142857143;2.6666666666666665;19.6;0.0;2.1666666666666665;1.619047619047619;18.0;38.44428571428571;0.21600000000000003;1.4285714285714284;7.0;396.6;31939.582083333335;12.692307692307692;0.06;0.0;0.0;18.928571428571427;0.015217391304347827;0.0;0.12708333333333333;1.6620000000000001;0.0;20.942857142857143
42;1009.8571428571429;2.571428571428571;3.333333333333333;24.5;0.0;2.3333333333333335;1.5428571428571427;0.0;40.10285714285715;0.27;1.7142857142857142;6.5;401.2;30061.236666666664;15.23076923076923;0.07;0.0;0.0;22.714285714285715;0.017391304347826087;0.0;0.1525;2.0775;0.0;20.47142857142857
43;1009.4285714285714;3.0;4.0;29.400000000000002;0.0;2.5;1.4666666666666666;0.33666666666666667;41.76142857142857;0.32400000000000007;2.0;6.0;405.8;28182.89125;17.769230769230766;0.08;0.0;0.0;26.5;0.01956521739130435;0.0;0.17791666666666667;2.4930000000000003;0.0;20.0
44;1009.0;4.0;3.0;34.300000000000004;0.0;2.6666666666666665;1.3904761904761904;0.6733333333333333;43.42;0.37800000000000006;2.0;6.137142857142857;410.4;26304.545833333334;20.307692307692307;0.09;0.002857142857142857;0.0;30.285714285714285;0.021739130434782608;0.0;0.20333333333333334;2.9085;0.0;19.148235294117647
45;1008.5714285714286;5.0;3.0;39.2;0.0;2.833333333333333;1.3142857142857143;1.01;45.07857142857143;0.43200000000000005;2.0;6.274285714285714;415.0;24426.200416666667;22.846153846153847;0.1;0.005714285714285714;0.0;34.07142857142857;0.02391304347826087;0.0;0.22875;3.3240000000000003;0.0;18.296470588235294
46;1008.1428571428571;6.0;3.0;44.1;0.0;3.0;1.2380952380952381;1.3466666666666667;46.73714285714286;0.48600000000000004;2.0;6.411428571428571;385.0;22547.855;25.384615384615383;0.11;0.008571428571428572;0.0;37.857142857142854;0.026086956521739132;0.0;0.25416666666666665;3.7395000000000005;0.0;17.44470588235294
47;1007.7142857142857;7.0;3.0;49.0;0.0;3.2227272727272727;1.1619047619047618;1.6833333333333333;48.395714285714284;0.54;2.0;6.548571428571429;414.0;20669.509583333333;27.92307692307692;0.12;0.011428571428571429;0.0;41.64285714285714;0.02826086956521739;0.0;0.27958333333333335;4.155;0.0;16.59294117647059
48;1007.2857142857143;8.0;1.0;212.0;0.0;3.4454545454545453;1.0857142857142856;2.02;50.05428571428571;0.5940000000000001;2.0;6.685714285714286;397.5;18791.164166666666;30.46153846153846;0.13;0.014285714285714285;0.0;45.42857142857143;0.030434782608695653;0.0;0.305;4.5705;0.0;15.741176470588236
49;1006.8571428571429;8.055555555555555;1.0;23.0;0.0;3.668181818181818;1.0095238095238095;2.3566666666666665;51.712857142857146;0.6480000000000001;2.0;6.822857142857143;381.0;16912.81875;33.0;0.14;0.017142857142857144;0.0;49.214285714285715;0.03260869565217391;0.0;0.3304166666666667;4.986000000000001;0.0;14.889411764705882
50;1006.4285714285714;8.11111111111111;1.0;31.0;2.0;3.890909090909091;0.9333333333333331;2.6933333333333334;53.37142857142857;0.7020000000000001;2.0;6.96;430.0;15034.473333333332;57.0;0.15;0.02;0.0;53.0;0.034782608695652174;0.00818181818181818;0.35583333333333333;5.4015;0.0;14.037647058823529
51;1006.0;8.166666666666666;4.0;13.0;4.0;4.113636363636363;0.857142857142857;3.0300000000000002;55.03;0.7560000000000001;2.0;7.097142857142857;476.0;13156.127916666665;81.0;0.16;0.022857142857142857;0.0;53.333333333333336;0.03695652173913044;0.01636363636363636;0.38125000000000003;5.817;0.0;13.185882352941176
52;1009.5;8.222222222222221;1.0;267.0;1.0;4.336363636363636;0.7809523809523808;3.3666666666666667;59.46666666666667;0.81;2.0;7.234285714285715;486.0;11277.782500000001;95.66666666666667;0.17;0.025714285714285714;0.0;53.666666666666664;0.0391304347826087;0.024545454545454544;0.4066666666666667;6.232500000000001;0.0;12.334117647058823
53;1013.0;8.277777777777779;2.0;213.88031999999998;0.9;4.5590909090909095;0.7047619047619047;3.703333333333333;63.903333333333336;0.8640000000000001;2.0;7.371428571428572;428.0;9399.43708333333;110.33333333333333;0.18;0.02857142857142857;0.0;54.0;0.041304347826086954;0.03272727272727272;0.4320833333333333;6.648000000000001;0.0;11.48235294117647
54;1001.0;8.333333333333334;3.0;160.76064;0.8;4.781818181818182;0.6285714285714286;4.04;68.34;0.9180000000000001;2.0;7.508571428571429;1453.0;7521.091666666667;125.0;0.19;0.03142857142857143;0.0;54.333333333333336;0.043478260869565216;0.0409090909090909;0.4575;7.0635;0.0;10.630588235294118
55;1008.0;8.38888888888889;0.0;107.64096;0.7;5.004545454545455;0.5523809523809522;4.376666666666667;72.77666666666667;0.9720000000000001;2.0;7.645714285714286;517.0;5642.7462499999965;110.275;0.2;0.03428571428571429;0.0;54.666666666666664;0.04565217391304348;0.04909090909090909;0.48291666666666666;7.479000000000001;0.0;9.778823529411763
56;1007.0;8.444444444444445;4.0;54.52127999999999;0.6;5.2272727272727275;0.47619047619047605;4.713333333333333;77.21333333333334;1.026;2.1799999999999997;7.782857142857143;472.0;3764.400833333333;95.55;0.21;0.037142857142857144;0.0;55.0;0.04782608695652174;0.05727272727272727;0.5083333333333333;7.894500000000001;0.0;8.92705882352941
57;1006.0;8.5;2.0;1.4016;0.5;5.45;0.4;5.05;81.65;1.08;2.36;7.92;502.0;1886.0554166666625;80.82499999999999;0.22;0.04;0.0;4.4;0.05;0.06545454545454545;0.5337500000000001;8.31;0.0;8.075294117647058
58;1005.0;8.0;2.0;6.077733333333334;0.3999999999999999;5.55;0.85;4.7;81.65;0.62;2.16;7.87;507.0;7.71;66.1;0.23;0.45;0.0;24.700000000000003;0.04;0.07363636363636362;0.5591666666666667;8.31;0.0;7.223529411764705
59;1004.0;5.7;2.0;10.753866666666667;0.29999999999999993;22.0;13.0;9.0;47.75;1.56;1.98;7.585;473.0;8.48;69.05;1.7899999999999998;0.43333333333333335;0.0;45.0;0.07999999999999999;0.0818181818181818;0.5845833333333333;9.105;0.0;6.371764705882352
60;1004.0;3.4;2.0;15.43;0.19999999999999996;1.6;0.94;0.66;13.85;2.5;1.8;7.3;499.0;9.25;72.0;3.3499999999999996;0.4166666666666667;0.0;6.128;0.12;0.09;0.61;9.9;0.24;5.52
61;1008.0;17.8;2.0;16.4577;0.09999999999999998;4.4;1.0;3.4;47.925;0.1;1.5;8.354;490.0;10.28;108.7;4.91;0.4;0.0;260.0;0.07;1.56;2.22;8.68;0.12;1.28
62;0.0;0.0;0.0;0.0;0.0;0.0;0.0;0.0;0.0;0.0;0.0;0.0;0.0;0.0;0.0;0.0;0.0;0.0;0.0;0.0;0.0;0.0;0.0;0.0;0.0
63;1009.0;0.0;2.0;25.0;0.0;0.4;8.75;0.2;14.278333333333334;0.0;0.2966666666666667;1.32;478.0;1.68;8.14;0.0;1.9333333333333333;0.0;0.0;0.0033333333333333335;0.0;0.0;0.0;0.0;0.624
64;1013.0;0.1;0.0;0.0;0.0;0.8;17.5;0.4;28.55666666666667;0.0;0.5933333333333334;2.64;462.0;3.36;16.28;0.0;3.8666666666666667;0.002;3.75;0.006666666666666667;0.0;0.2744444444444445;0.0;0.0;1.248
65;1012.5714285714286;0.2;1.0;30.5;0.115;1.2000000000000002;26.25;0.6000000000000001;42.835;0.12;0.8900000000000001;3.96;441.0;5.04;24.42;0.0;5.8;0.004;7.5;0.01;0.0;0.548888888888889;2.00375;0.175;1.8719999999999999
66;1012.1428571428571;0.30000000000000004;2.0;61.0;0.23;1.6;35.0;0.8;57.11333333333334;0.24;1.1866666666666668;5.28;420.0;6.72;32.56;0.0;7.733333333333333;0.006;11.25;0.013333333333333334;0.0;0.8233333333333335;4.0075;0.35;2.496
67;1011.7142857142857;0.4;3.0;30.555;0.34500000000000003;2.0;1.0;1.0;71.39166666666667;0.36;1.4833333333333334;6.6000000000000005;399.0;8.4;40.7;0.0;9.666666666666666;0.008;15.0;0.016666666666666666;0.0;1.097777777777778;6.01125;0.5249999999999999;3.12
68;1011.2857142857143;0.5;4.0;0.11;0.46;7.0;1.0;0.916;85.67;0.48;1.78;7.92;442.3333333333333;10.08;48.84;0.0;11.6;0.01;14.5;0.02;0.0;1.3722222222222225;8.015;0.7;3.7439999999999998
69;1010.8571428571429;0.6000000000000001;2.0;5.0;10.0;5.333333333333333;1.0;0.832;0.0;2.5475;1.8533333333333333;7.89;485.6666666666667;10.44;56.980000000000004;0.0;9.666666666666666;0.011833333333333335;14.0;0.3466666666666667;0.0;1.646666666666667;8.48625;0.4666666666666667;4.368
70;1010.4285714285714;0.7000000000000001;1.0;260.0;0.0;3.6666666666666665;1.0;0.748;4.023333333333333;4.615;1.9266666666666667;7.859999999999999;529.0;10.8;65.12;0.0;7.7333333333333325;0.013666666666666667;55.0;0.6733333333333333;0.0;1.9211111111111114;8.9575;0.23333333333333334;4.992
71;1010.0;0.8;3.0;139.97;0.0375;2.0;0.85;0.6639999999999999;8.046666666666667;6.682499999999999;2.0;7.83;472.0;11.16;73.26;0.0;5.8;0.0155;149.0;1.0;0.0;2.195555555555556;9.42875;0.0;5.616
72;1005.0;0.9;2.0;19.94;0.075;1.28;0.7;0.58;12.07;8.75;1.3;7.8;392.0;11.52;81.4;0.0;3.8666666666666663;0.017333333333333333;3.723;0.06;0.0;2.47;9.9;0.27;6.24
73;1006.0;0.675;3.5;10.035;0.11249999999999999;4.04;35.0;0.6639999999999999;45.845000000000006;4.845;1.62;8.145;448.0;10.535;77.11666666666667;0.0;1.9333333333333336;0.019166666666666665;2.79225;0.225;0.0;1.8525;9.128;0.24923076923076926;5.948125
74;1007.0;0.45;5.0;0.13;0.15;6.8;35.0;0.748;79.62;0.94;1.94;8.49;504.0;9.55;72.83333333333334;0.0;0.0;0.021;1.8615;0.39;0.0;1.235;8.356;0.2284615384615385;5.65625
75;1008.0;0.22499999999999998;4.5;3.0;13.958333333333332;8.0;35.0;0.832;75.28636363636365;0.47;7.0;8.433285714285715;560.0;9.493571428571428;68.55000000000001;0.0;0.04071428571428571;0.020217391304347826;0.9307499999999997;0.3657142857142857;0.0;0.6175000000000002;4.178;0.2076923076923077;5.364375
76;1009.0;0.0;4.0;33.0;27.766666666666662;6.75;35.0;0.9159999999999999;70.95272727272727;0.0;6.661538461538462;8.37657142857143;616.0;9.437142857142858;64.26666666666667;0.0;0.08142857142857142;0.019434782608695654;0.0;0.3414285714285714;0.0;0.0;0.0;0.18692307692307694;5.0725
77;1008.6666666666666;1.5333333333333332;3.625;29.25;41.574999999999996;5.5;35.0;1.0;66.61909090909091;0.024999999999999998;6.323076923076923;8.319857142857144;602.3333333333334;9.380714285714287;59.983333333333334;0.18000000000000002;0.12214285714285714;0.01865217391304348;13.0;0.31714285714285717;0.0;0.15033333333333335;0.7016666666666667;0.16615384615384618;4.780625000000001
78;1008.3333333333334;3.0666666666666664;3.25;25.5;55.383333333333326;4.25;35.0;0.75;62.28545454545455;0.049999999999999996;5.984615384615385;8.263142857142856;588.6666666666666;9.324285714285715;55.7;0.36000000000000004;0.16285714285714284;0.017869565217391307;26.0;0.29285714285714287;0.0;0.3006666666666667;1.4033333333333333;0.1453846153846154;4.4887500000000005
79;1008.0;4.6;2.875;21.75;69.19166666666666;3.0;31.61;0.5;57.95181818181818;0.075;5.646153846153846;8.206428571428571;575.0;9.267857142857142;51.41666666666667;0.54;0.20357142857142854;0.01708695652173913;39.0;0.26857142857142857;0.0;0.45100000000000007;2.105;0.12461538461538463;4.196875
80;1007.6666666666666;6.133333333333333;2.5;18.0;83.0;3.533333333333333;28.22;0.25;53.618181818181824;0.09999999999999999;5.3076923076923075;8.149714285714285;511.2;9.211428571428572;47.13333333333333;0.7200000000000001;0.24428571428571427;0.01630434782608696;52.0;0.24428571428571427;0.0;0.6013333333333334;2.8066666666666666;0.10384615384615387;3.9050000000000002
81;1007.3333333333334;7.666666666666666;2.125;23.0;62.25;4.066666666666666;24.830000000000002;0.0;49.28454545454546;0.12499999999999999;4.969230769230769;8.093;447.4;9.155000000000001;42.85;0.9000000000000001;0.285;0.015521739130434784;67.75;0.22;0.0;0.7516666666666667;3.5083333333333333;0.0830769230769231;3.613125
82;1007.0;9.2;1.75;28.0;41.5;4.6;21.44;0.9571428571428572;44.95090909090909;0.15;4.63076923076923;8.036285714285714;383.6;9.098571428571429;38.56666666666666;1.08;0.3257142857142857;0.014739130434782609;83.5;0.1957142857142857;0.0;0.9020000000000001;4.21;0.06230769230769234;3.32125
83;1006.6666666666666;10.733333333333333;1.375;33.0;20.75;5.133333333333333;18.05;1.9142857142857144;40.61727272727273;0.175;4.292307692307692;7.979571428571428;319.8;9.042142857142856;34.28333333333333;1.2600000000000002;0.3664285714285714;0.013956521739130437;99.25;0.1714285714285714;0.0;1.0523333333333333;4.911666666666667;0.04153846153846155;3.0293750000000004
84;1006.3333333333334;12.266666666666666;1.0;38.0;0.0;5.666666666666666;14.660000000000004;2.8714285714285714;36.28363636363636;0.19999999999999998;3.9538461538461536;7.922857142857143;256.0;8.985714285714286;30.0;1.4400000000000002;0.4071428571428571;0.013173913043478262;115.0;0.14714285714285713;0.0;1.2026666666666668;5.613333333333333;0.02076923076923079;2.7375000000000003
85;1006.0;13.799999999999999;2.0;9.0;15.0;6.2;11.270000000000003;3.8285714285714287;31.95;0.22499999999999998;3.615384615384615;7.866142857142857;533.0;8.929285714285715;45.925;1.62;0.4478571428571428;0.012391304347826088;130.75;0.12285714285714283;0.3333333333333333;1.3530000000000002;6.3149999999999995;0.0;2.445625
86;1013.0;15.333333333333332;2.0;64.29983333333334;11.5;6.733333333333333;7.880000000000003;4.785714285714286;40.233333333333334;0.24999999999999997;3.276923076923077;7.809428571428571;535.0;8.872857142857143;61.85;1.8000000000000003;0.48857142857142855;0.011608695652173914;146.5;0.09857142857142853;0.6666666666666666;1.5033333333333334;7.016666666666667;0.0;2.1537500000000005
87;1008.0;16.866666666666667;0.0;119.59966666666666;8.0;7.266666666666667;4.490000000000002;5.742857142857143;48.516666666666666;0.27499999999999997;2.9384615384615387;7.752714285714285;555.0;8.81642857142857;77.775;1.9800000000000002;0.5292857142857142;0.01082608695652174;162.25;0.07428571428571423;1.0;1.6536666666666668;7.718333333333334;0.0;1.8618750000000004
88;1009.0;18.4;2.0;174.8995;4.5;7.8;1.1;6.7;56.8;0.3;2.6;7.696;567.0;8.76;93.7;2.16;0.57;0.010043478260869565;178.0;0.05;1.22;1.804;8.42;0.0;1.57
89;1010.0;20.7;1.0;31.0;1.0;4.0;0.55;3.35;28.4;0.15;2.4;7.453714285714286;864.0;8.821111111111112;22.0;1.08;0.48857142857142855;0.009260869565217392;41.0;0.025;1.126153846153846;0.902;4.21;0.0;30.785
90;1011.0;23.0;0.0;0.0;0.0;0.0;0.0;0.0;0.0;0.0;2.2;7.211428571428571;583.0;8.882222222222222;25.1;0.0;0.40714285714285714;0.008478260869565218;50.5;0.0;1.0323076923076924;0.0;0.0;0.0;60.0
91;1011.2222222222222;19.2;0.25;3.25;17.25;1.0;0.047619047619047616;0.7058823529411765;11.68142857142857;0.12571428571428572;2.0;6.969142857142857;589.6666666666666;8.943333333333333;28.2;0.0;0.3257142857142857;0.007695652173913044;60.0;0.0;0.9384615384615385;0.0;1.0702857142857143;0.10571428571428572;48.0
92;1011.4444444444445;15.4;0.5;6.5;34.5;2.0;0.09523809523809523;1.411764705882353;23.36285714285714;0.25142857142857145;2.11;6.726857142857143;596.3333333333334;9.004444444444445;31.3;0.0;0.24428571428571427;0.006913043478260871;58.0;0.0;0.8446153846153845;0.0;2.1405714285714286;0.21142857142857144;36.0
93;1011.6666666666666;11.600000000000001;0.75;9.75;51.75;3.0;0.14285714285714285;2.1176470588235294;35.044285714285714;0.37714285714285717;2.22;6.484571428571428;603.0;9.065555555555555;34.4;0.0;0.16285714285714287;0.0061304347826086954;56.0;0.0;0.7507692307692307;0.0;3.210857142857143;0.31714285714285717;24.0
94;1011.8888888888889;7.800000000000001;1.0;13.0;69.0;4.65;0.19047619047619047;2.823529411764706;46.72571428571428;0.5028571428571429;2.33;6.242285714285714;594.0;9.126666666666667;37.5;0.0;0.0814285714285714;0.005347826086956522;54.0;0.0;0.6569230769230769;0.0;4.281142857142857;0.4228571428571429;12.0
95;1012.1111111111111;4.0;3.0;8.71;46.096666666666664;6.3;0.23809523809523808;3.5294117647058827;58.40714285714285;0.6285714285714286;2.44;6.0;585.0;9.187777777777779;40.6;0.0;0.0;0.00456521739130435;46.285714285714285;0.0;0.563076923076923;0.0;5.351428571428571;0.5285714285714286;0.0
96;1012.3333333333334;3.3333333333333335;3.0;4.42;23.193333333333335;7.949999999999999;0.2857142857142857;4.235294117647059;70.08857142857143;0.7542857142857143;2.5500000000000003;6.835;576.0;9.248888888888889;43.7;0.0;1.0;0.0037826086956521746;38.57142857142857;0.0;0.46923076923076923;0.0;6.421714285714286;0.6342857142857143;0.1125
97;1012.5555555555555;2.666666666666667;3.0;0.13;0.29;9.6;0.3333333333333333;4.9411764705882355;81.77;0.88;2.66;7.67;732.0;9.31;46.8;0.0;2.0;0.003;30.857142857142858;0.0;0.3753846153846154;0.0;7.492;0.74;0.225
98;1012.7777777777778;2.0;2.0;50.0;2.0;8.775;0.38095238095238093;5.647058823529412;80.98416666666667;0.66;2.44;7.674166666666666;888.0;9.238333333333333;49.900000000000006;0.0;2.45;0.003;23.142857142857142;0.0;0.2815384615384615;0.0;5.619;0.592;0.3375
99;1013.0;1.3333333333333335;1.0;34.333333333333336;1.5;7.949999999999999;0.42857142857142855;6.352941176470589;80.19833333333332;0.44;2.22;7.678333333333333;534.0;9.166666666666668;53.0;0.0;2.9;0.003;15.42857142857143;0.0;0.1876923076923076;0.0;3.746;0.444;0.45
100;1011.0;0.666666666666667;2.0;18.666666666666668;1.0;7.125;0.47619047619047616;7.058823529411765;79.4125;0.21999999999999997;2.0;7.6825;575.5;9.095;56.1;0.0;3.35;0.003;7.714285714285715;0.0;0.09384615384615391;0.0;1.8730000000000002;0.29600000000000004;0.5625
101;1009.0;0.0;2.0;3.0;0.5;6.3;0.5238095238095237;7.764705882352942;78.62666666666667;0.0;2.5;7.6866666666666665;617.0;9.023333333333333;59.2;0.0;3.8;0.003;0.0;0.0;0.0;0.0;0.0;0.14800000000000002;0.675
102;1013.0;45402.0;0.0;0.0;0.0;5.475;0.5714285714285714;8.470588235294118;77.84083333333334;0.0;3.0;7.690833333333333;617.0;8.951666666666666;62.300000000000004;0.0;4.25;0.003;8.1;0.0;0.032;0.66625;0.0;0.0;0.7875
103;1013.0;40359.24444444444;0.5714285714285714;0.017142857142857144;0.02214285714285714;4.65;0.6190476190476191;9.176470588235295;77.055;0.13142857142857142;2.8514285714285714;7.695;517.3333333333334;8.879999999999999;65.4;0.0;4.7;0.003;16.2;0.0;0.064;1.3325;1.0622857142857143;0.12;0.9
104;1013.0;35316.48888888889;1.1428571428571428;0.03428571428571429;0.04428571428571428;3.825;0.6666666666666666;9.882352941176471;76.26916666666666;0.26285714285714284;2.702857142857143;7.699166666666667;417.66666666666663;8.808333333333334;68.5;0.0;5.15;0.003;24.299999999999997;0.0;0.096;1.99875;2.1245714285714286;0.24;1.0125
105;1013.0;30273.733333333334;1.7142857142857142;0.051428571428571435;0.06642857142857142;3.0;0.7142857142857142;10.588235294117649;75.48333333333333;0.39428571428571424;2.5542857142857143;7.703333333333333;318.0;8.736666666666666;71.6;0.0;5.6;0.003;32.4;0.0;0.128;2.665;3.186857142857143;0.36;1.125
106;1013.0;25230.977777777778;2.2857142857142856;0.06857142857142857;0.08857142857142856;3.0;0.7619047619047619;11.294117647058824;74.6975;0.5257142857142857;2.4057142857142857;7.7075;409.0;8.665;74.7;0.0;6.05;0.003;40.5;0.0;0.16;3.33125;4.249142857142857;0.48;1.2375
107;1013.0;20188.222222222223;2.8571428571428568;0.08571428571428572;0.11071428571428571;3.0;0.8095238095238095;12.0;73.91166666666666;0.6571428571428571;2.257142857142857;7.711666666666666;500.0;8.593333333333334;77.80000000000001;0.0;6.5;0.003;48.599999999999994;0.0;0.192;3.9975;5.311428571428571;0.6;1.35
108;1013.0;15145.466666666667;3.4285714285714284;0.10285714285714287;0.13285714285714284;6.2;0.8571428571428571;10.1;73.12583333333333;0.7885714285714285;2.1085714285714285;7.715833333333333;591.0;8.521666666666667;80.9;0.0;6.95;0.003;56.699999999999996;0.0;0.224;4.66375;6.373714285714286;0.72;1.4625000000000001
109;1013.0;10102.711111111115;4.0;0.12;0.155;9.4;0.9047619047619047;8.2;72.34;0.92;1.96;7.72;510.0;8.45;84.0;0.0;7.4;0.003;64.8;0.0;0.256;5.33;7.436;0.84;1.575
110;1013.0;5059.955555555556;3.0;8.288849999999998;0.152;7.4;0.9523809523809523;6.300000000000001;82.32;0.49;1.98;7.676;429.0;8.575;87.10000000000001;0.0;3.9450000000000003;0.003;72.89999999999999;0.025;0.28800000000000003;4.441666666666666;7.928;0.82;1.6875
111;1009.0;17.2;2.0;16.4577;0.149;5.4;1.0;4.4;92.3;0.06;2.0;7.632;685.0;8.7;90.2;0.0;0.49;0.003;81.0;0.05;0.32;3.5533333333333337;8.42;0.7999999999999999;1.8
112;756.75;12.899999999999999;2.3333333333333335;11.015133333333331;0.14600000000000002;5.866666666666667;0.75;3.3000000000000003;89.64333333333333;0.15999999999999998;2.0;7.851333333333333;513.75;8.996666666666666;67.65;0.0;0.5933333333333334;0.003;60.75;0.09666666666666668;0.24;2.665;8.327333333333334;0.78;1.35
113;504.5;8.6;2.6666666666666665;5.572566666666665;0.14300000000000002;6.333333333333333;0.5;2.2;86.98666666666666;0.26;2.0;8.070666666666666;342.5;9.293333333333333;45.1;0.0;0.6966666666666667;0.003;40.5;0.14333333333333334;0.16;1.7766666666666668;8.234666666666666;0.76;0.9
114;252.25;4.300000000000001;3.0;0.13;0.14;6.8;0.25;1.1;84.33;0.36;1.64;8.29;171.25;9.59;22.549999999999997;0.0;0.8;0.003;20.25;0.19;0.08000000000000002;0.8883333333333336;8.142;0.74;0.44999999999999996
115;0.0;0.0;0.0;0.0;0.0;0.0;0.0;0.0;0.0;0.0;0.0;0.0;0.0;0.0;0.0;0.0;0.0;0.0;0.0;0.0;0.0;0.0;0.0;0.0;0.0
116;111.66666666666667;0.5;0.3333333333333333;1.0;5.333333333333333;1.5;35.0;3.0;2.2088888888888887;0.5;2.0;1.1666666666666667;307.5;1.0022222222222221;7.3999999999999995;0.0;0.0;0.0;13.0;0.0022222222222222222;0.011111111111111112;0.034444444444444444;1.2666666666666666;0.07333333333333333;0.16666666666666666
117;223.33333333333334;1.0;0.6666666666666666;2.0;10.666666666666666;3.0;30.73625;6.0;4.417777777777777;1.0;1.925;2.3333333333333335;615.0;2.0044444444444443;14.799999999999999;0.0;0.0;0.0;26.0;0.0044444444444444444;0.022222222222222223;0.06888888888888889;2.533333333333333;0.14666666666666667;0.3333333333333333
118;335.0;1.5;1.0;3.0;16.0;2.855714285714286;26.4725;9.0;6.626666666666666;1.5;1.85;3.5;600.1666666666666;3.0066666666666664;22.2;0.0;0.0;0.0;39.0;0.006666666666666666;0.03333333333333333;0.10333333333333333;3.8;0.22;0.5
119;446.6666666666667;2.0;2.0;2.2875;12.0875;2.7114285714285713;22.208750000000002;12.0;8.835555555555555;2.0;1.775;4.666666666666667;585.3333333333334;4.0088888888888885;29.599999999999998;0.0;0.0;0.0;33.031333333333336;0.008888888888888889;0.044444444444444446;0.13777777777777778;5.066666666666666;0.29333333333333333;0.6666666666666666
120;558.3333333333334;2.5;3.0;1.575;8.175;2.567142857142857;17.945;9.82;11.044444444444444;2.5;1.7;5.833333333333334;570.5;5.011111111111111;37.0;0.0;0.0;0.0;27.062666666666665;0.011111111111111112;0.05555555555555556;0.17222222222222222;6.333333333333333;0.3666666666666667;0.8333333333333333
121;670.0;3.0;4.0;0.8624999999999998;4.262499999999999;2.4228571428571426;13.681249999999999;7.64;13.253333333333332;3.0;1.625;7.0;555.6666666666666;6.013333333333333;44.4;0.0;0.0;0.0;21.094;0.013333333333333332;0.06666666666666667;0.20666666666666667;7.6;0.44;1.0
122;781.6666666666667;2.8;3.0;0.15;0.35;2.2785714285714285;9.4175;5.459999999999999;15.46222222222222;4.083333333333333;1.5499999999999998;7.2;540.8333333333334;7.015555555555554;51.8;0.0;0.0;0.0;15.125333333333334;0.015555555555555555;0.07777777777777778;0.2411111111111111;8.866666666666667;0.5133333333333333;4.833333333333334
123;893.3333333333334;2.6;2.0;8.815000000000001;21.0;2.1342857142857143;5.153750000000002;3.2799999999999994;17.67111111111111;5.166666666666666;1.4749999999999999;7.3999999999999995;526.0;8.017777777777777;59.199999999999996;0.0;0.0;0.0;9.156666666666666;0.017777777777777778;0.08888888888888889;0.27555555555555555;10.133333333333333;0.5866666666666667;8.666666666666668
124;1005.0;2.4;2.0;17.48;16.8;1.99;0.89;1.1;19.88;6.25;1.4;7.6;469.0;9.02;66.6;0.0;0.0;0.0;3.188;0.02;0.1;0.31;11.4;0.66;12.5
125;753.75;1.7999999999999998;1.5;13.11;12.6;4.995;2.5933333333333333;0.8250000000000001;14.91;4.6875;7.0;5.699999999999999;351.75;6.765;49.949999999999996;0.0;0.0;0.0;2.391;0.015;0.07500000000000001;0.23249999999999998;8.55;0.495;16.333333333333336
126;502.5;1.2;1.0;8.74;8.399999999999999;8.0;4.296666666666667;0.55;9.94;3.125;4.666666666666666;3.8;234.5;4.51;33.3;0.0;0.0;0.0;1.594;0.01;0.05;0.155;5.7;0.33;20.166666666666668
127;251.25;0.6000000000000001;0.5;4.370000000000001;4.199999999999999;12.0;6.0;0.275;4.969999999999999;1.5625;2.333333333333333;1.9000000000000004;117.25;2.255;16.65;0.0;0.0;0.0;0.7970000000000002;0.005000000000000001;0.024999999999999994;0.07750000000000001;2.8499999999999996;0.16500000000000004;24.0
128;0.0;0.0;0.0;0.0;0.0;0.0;0.0;0.0;0.0;0.0;0.0;0.0;0.0;0.0;0.0;0.0;0.0;0.0;0.0;0.0;0.0;0.0;0.0;0.0;0.0
129;111.66666666666667;0.6;0.75;5.75;23.0;1.0;17.5;0.10666666666666666;1.2622222222222221;0.625;0.3333333333333333;0.8222222222222223;187.66666666666666;0.9255555555555556;6.577777777777778;0.0;0.0;0.003333333333333333;16.0;0.01888888888888889;0.03888888888888889;0.09222222222222222;1.2666666666666666;0.0;1.0
130;223.33333333333334;1.2;1.5;11.5;46.0;2.0;35.0;0.21333333333333332;2.5244444444444443;1.25;0.6666666666666666;1.6444444444444446;375.3333333333333;1.8511111111111112;13.155555555555557;0.0;0.0;0.006666666666666666;32.0;0.03777777777777778;0.07777777777777778;0.18444444444444444;2.533333333333333;0.0;2.0
131;335.0;1.7999999999999998;2.25;17.25;69.0;3.0;30.134285714285713;0.31999999999999995;3.786666666666666;1.875;1.0;2.466666666666667;563.0;2.776666666666667;19.733333333333334;0.0;0.0;0.009999999999999998;48.0;0.05666666666666667;0.11666666666666667;0.27666666666666667;3.8;0.0;3.0
132;446.6666666666667;2.4;3.0;23.0;92.0;2.8166666666666664;25.268571428571427;0.42666666666666664;5.0488888888888885;2.5;1.3333333333333333;3.288888888888889;568.0;3.7022222222222223;26.311111111111114;0.0;0.0;0.013333333333333332;64.0;0.07555555555555556;0.15555555555555556;0.3688888888888889;5.066666666666666;0.0;4.0
133;558.3333333333334;3.0;4.0;43.0;66.0;2.6333333333333333;20.402857142857144;0.5333333333333333;6.311111111111111;3.125;1.6666666666666665;4.111111111111112;573.0;4.627777777777778;32.88888888888889;0.0;0.0;0.016666666666666666;53.134;0.09444444444444444;0.19444444444444445;0.4611111111111111;6.333333333333333;0.0;5.0
134;670.0;2.525;3.0;63.0;40.0;2.45;15.537142857142857;0.6399999999999999;7.573333333333332;3.75;2.0;4.933333333333334;578.0;5.553333333333334;39.46666666666667;0.0;0.0;0.019999999999999997;42.268;0.11333333333333334;0.23333333333333334;0.5533333333333333;7.6;0.0;6.48
135;781.6666666666667;2.05;2.0;83.0;14.0;2.2666666666666666;10.67142857142857;0.7466666666666666;8.835555555555555;4.375;1.8333333333333333;5.755555555555556;645.0;6.478888888888889;46.04444444444445;0.0;0.0;0.02333333333333333;31.402;0.1322222222222222;0.27222222222222225;0.6455555555555555;8.866666666666667;0.0;7.96
136;893.3333333333334;1.5750000000000002;5.0;14.0;21.0;2.083333333333333;5.805714285714288;0.8533333333333333;10.097777777777777;5.0;1.6666666666666667;6.577777777777778;712.0;7.404444444444445;52.62222222222223;0.0;0.0;0.026666666666666665;20.536;0.1511111111111111;0.3111111111111111;0.7377777777777778;10.133333333333333;0.0;9.44
137;1005.0;1.1;3.0;36.34;10.5;1.9;0.94;0.96;11.36;5.625;1.5;7.4;536.0;8.33;59.2;0.0;0.0;0.03;9.67;0.17;0.35;0.83;11.4;0.0;10.92
138;1012.0;0.8250000000000001;0.0;0.0;0.0;2.45;0.8728571428571428;0.72;23.953333333333333;0.0;1.125;7.2875000000000005;593.0;6.2475000000000005;44.400000000000006;0.0;0.0;0.027;4.835;0.19555555555555557;0.23333333333333334;0.6224999999999999;0.0;0.0;130.0
139;1009.0;0.55;0.0;0.0;0.0;3.0;0.8057142857142856;0.48;36.54666666666667;0.0;0.75;7.175000000000001;537.0;4.165;29.6;0.0;0.0;0.024;0.0;0.22111111111111112;0.11666666666666667;0.415;0.0;0.0;96.6
140;1014.0;0.275;1.0;49.5;52.0;3.5428571428571427;0.7385714285714285;0.24;49.14;0.0;0.375;7.0625;512.0;2.0824999999999996;14.799999999999997;0.0;0.0;0.020999999999999998;78.0;0.2466666666666667;0.0;0.20750000000000002;0.0;0.0;63.2
141;0.0;0.0;1.0;99.0;7.0;4.085714285714285;0.6714285714285714;0.0;61.733333333333334;0.0;0.0;6.95;0.0;0.0;0.0;0.0;0.0;0.018;0.0;0.27222222222222225;0.0;0.0;0.0;0.0;29.8
142;143.14285714285714;0.0;1.6;111.0;5.664;4.628571428571428;0.6042857142857142;0.0;74.32666666666667;0.288;2.0;7.1000000000000005;279.5;1.85;14.5;0.0;0.18;0.015;0.0;0.2977777777777778;0.0;0.0;1.5182;0.12;26.075
143;286.2857142857143;0.0;2.2;83.32;4.328;5.171428571428571;0.5371428571428571;0.0;86.92;0.576;1.96;7.25;559.0;3.7;29.0;0.0;0.36;0.011999999999999997;0.0;0.32333333333333336;0.0;0.0;3.0364;0.24;22.35
144;429.42857142857144;0.0;2.8;55.64;2.992000000000001;5.7142857142857135;0.47;0.0;99.51333333333334;0.8639999999999999;1.92;7.4;543.75;5.550000000000001;43.5;0.0;0.54;0.008999999999999998;0.0;0.3488888888888889;0.0;0.0;4.5546;0.36;18.625
145;572.5714285714286;0.0;3.4;27.960000000000008;1.6560000000000006;6.257142857142857;0.4028571428571428;0.0;112.10666666666667;1.152;1.8800000000000001;7.55;528.5;7.4;58.0;0.0;0.72;0.005999999999999998;0.0;0.37444444444444447;0.0;0.0;6.0728;0.48;14.9
146;715.7142857142857;0.0;4.0;0.28;0.32;6.8;0.33571428571428563;0.0;124.7;1.44;1.84;7.7;513.25;9.25;72.5;0.0;0.9;0.003;0.0;0.4;0.0;0.0;7.591;0.6;11.175
147;858.8571428571429;0.0;2.0;0.21000000000000002;0.24;5.4399999999999995;0.26857142857142846;0.0;99.76;0.0;1.472;14.8;498.0;8.463333333333333;87.0;0.0;0.72;0.002;0.0;0.32;0.0;0.0;5.060666666666666;0.44999999999999996;7.449999999999999
148;1002.0;0.0;3.0;0.14;0.16;4.08;0.2014285714285714;0.0;74.82;0.0;1.104;21.900000000000002;1312.0;7.676666666666667;101.5;0.0;0.54;0.001;0.0;0.24000000000000002;0.0;0.0;2.530333333333333;0.3;3.7250000000000014
149;1004.0;0.0;1.0;0.07;0.08000000000000002;2.7199999999999998;0.13428571428571423;0.0;49.879999999999995;0.0;0.736;29.0;558.0;6.89;116.0;0.0;0.36;0.0;0.0;0.16000000000000003;0.0;0.0;0.0;0.15000000000000002;0.0
150;1012.0;0.0;0.0;0.0;0.0;1.3600000000000003;0.06714285714285706;0.0;24.939999999999998;0.0;0.3680000000000001;14.5;597.0;3.445;58.0;0.0;0.18000000000000005;0.0;0.0;0.08000000000000002;0.0;0.0;0.0;0.0;158.0
151;0.0;0.0;0.0;0.0;0.0;0.0;0.0;0.0;0.0;0.0;0.0;0.0;0.0;0.0;0.0;0.0;0.0;0.0;0.0;0.0;0.0;0.0;0.0;0.0;0.0
152;101.3;1.330769230769231;0.5714285714285714;0.047142857142857146;11.333333333333334;0.5;1.5;0.0;19.108571428571427;0.16;0.2714285714285714;1.1014285714285714;181.0;1.3657142857142859;10.323076923076922;0.0;0.5428571428571428;0.003;0.2222222222222222;0.008571428571428572;0.1376923076923077;0.6585714285714286;1.0714285714285714;0.12;0.14615384615384613
153;202.6;2.661538461538462;1.1428571428571428;0.09428571428571429;22.666666666666668;1.0;3.0;0.0;38.21714285714285;0.32;0.5428571428571428;2.202857142857143;362.0;2.7314285714285718;20.646153846153844;0.0;1.0857142857142856;0.006;0.4444444444444444;0.017142857142857144;0.2753846153846154;1.3171428571428572;2.142857142857143;0.24;0.29230769230769227
154;303.9;3.992307692307693;1.7142857142857142;0.14142857142857143;34.0;1.5;4.5;0.0;57.325714285714284;0.48;0.8142857142857143;3.3042857142857143;543.0;4.097142857142858;30.969230769230766;0.0;1.6285714285714286;0.009000000000000001;0.6666666666666666;0.025714285714285717;0.4130769230769231;1.9757142857142858;3.2142857142857144;0.36;0.4384615384615384
155;405.2;5.323076923076924;2.2857142857142856;0.18857142857142858;45.333333333333336;2.0;6.0;0.0;76.4342857142857;0.64;1.0857142857142856;4.405714285714286;568.3333333333334;5.4628571428571435;41.29230769230769;0.0;2.1714285714285713;0.012;0.8888888888888888;0.03428571428571429;0.5507692307692308;2.6342857142857143;4.285714285714286;0.48;0.5846153846153845
156;506.5;6.653846153846155;2.8571428571428568;0.23571428571428574;56.66666666666667;2.5;7.5;1.25;95.54285714285713;0.8;1.357142857142857;5.507142857142857;593.6666666666666;6.828571428571429;51.61538461538461;0.0;2.714285714285714;0.015;1.1111111111111112;0.04285714285714286;0.6884615384615385;3.2928571428571427;5.357142857142857;0.6;0.7307692307692306
157;607.8;7.984615384615386;3.4285714285714284;0.28285714285714286;68.0;3.0;9.0;2.5;114.65142857142857;0.96;1.6285714285714286;6.6085714285714285;619.0;8.194285714285716;61.93846153846153;0.0;3.257142857142857;0.018000000000000002;1.3333333333333333;0.051428571428571435;0.8261538461538462;3.9514285714285715;6.428571428571429;0.72;0.8769230769230768
158;709.1;9.315384615384616;4.0;0.33;0.27;8.4;10.5;3.75;133.76;1.12;1.9;7.71;660.5;9.56;72.26153846153845;0.0;3.8;0.021;1.5555555555555554;0.06;0.9638461538461539;4.61;7.5;0.84;1.023076923076923
159;810.4;10.646153846153847;5.0;19.0;24.0;2.0;12.0;5.0;117.38333333333333;1.0;1.8833333333333333;7.784;702.0;10.065000000000001;82.58461538461538;0.0;3.2866666666666666;0.018375000000000002;1.7777777777777777;0.065;1.1015384615384616;4.03375;7.633333333333334;0.7466666666666666;1.169230769230769
160;911.6999999999999;11.976923076923079;1.0;95.0;7.0;8.5;13.5;6.25;101.00666666666666;0.8800000000000001;1.8666666666666667;7.858;604.0;10.57;92.9076923076923;0.0;2.7733333333333334;0.01575;2.0;0.06999999999999999;1.2392307692307694;3.4575000000000005;7.766666666666667;0.6533333333333333;1.3153846153846152
161;1013.0;13.30769230769231;2.0;93.369175;10.98;15.0;15.0;7.5;84.63;0.76;1.85;7.932;490.0;11.075;103.23076923076923;0.0;2.26;0.013125000000000001;15.5;0.075;1.376923076923077;2.88125;7.9;0.56;1.4615384615384612
162;1002.0;14.63846153846154;3.0;91.73835;14.96;21.5;16.5;8.75;68.25333333333333;0.6400000000000001;1.8333333333333333;8.006;508.0;11.58;113.55384615384614;0.0;1.7466666666666666;0.0105;29.0;0.08;1.5146153846153847;2.305;8.033333333333333;0.4666666666666667;1.6076923076923075
163;1004.0;15.969230769230771;3.0;90.107525;18.94;28.0;18.0;10.0;51.876666666666665;0.52;1.8166666666666667;8.08;524.0;12.085;123.87692307692306;0.0;1.2333333333333334;0.007875;42.5;0.08499999999999999;1.6523076923076925;1.7287500000000002;8.166666666666668;0.37333333333333335;1.7538461538461536
164;1009.0;17.3;3.0;88.4767;22.92;4.0;1.0;3.0;35.5;0.4;1.8;8.154;541.0;12.59;134.2;0.0;0.72;0.005250000000000001;56.0;0.09;1.79;1.1524999999999999;8.3;0.28;1.9
165;1010.0;8.65;0.0;0.0;0.0;2.0;0.5;1.5;17.75;0.0;0.9;4.077;520.0;6.295;67.1;0.0;0.36;0.002624999999999999;0.0;0.045;0.895;0.5762499999999999;4.15;0.14;0.95
166;0.0;0.0;0.0;0.0;0.0;0.0;0.0;0.0;0.0;0.0;0.0;0.0;0.0;0.0;0.0;0.0;0.0;0.0;0.0;0.0;0.0;0.0;0.0;0.0;0.0
167;1009.0;0.0;3.0;67.0;14.2;1.1;1.0625;0.4375;16.72;0.0;0.3625;0.93;489.0;1.18375;2.0;0.0;1.425;0.0;0.0;0.01;0.0;0.0;0.0;0.11875;0.07823529411764707
168;1008.9;3.0;2.5;54.5;28.4;2.2;2.125;0.875;33.44;0.14857142857142858;0.725;1.86;509.0;2.3675;4.0;0.62125;2.85;0.0004285714285714286;13.25;0.02;0.10375;0.1760625;0.51875;0.2375;0.15647058823529414
169;1008.8;6.0;2.0;42.0;42.599999999999994;3.3000000000000003;3.1875;1.3125;50.16;0.29714285714285715;1.0875;2.79;529.0;3.5512500000000005;6.0;1.2425;4.275;0.0008571428571428572;26.5;0.03;0.2075;0.352125;1.0375;0.35624999999999996;0.2347058823529412
170;1008.7;9.0;1.5;29.5;56.8;4.4;4.25;1.75;66.88;0.44571428571428573;1.45;3.72;549.0;4.735;8.0;1.86375;5.7;0.0012857142857142859;39.75;0.04;0.31124999999999997;0.5281875;1.5562500000000001;0.475;0.3129411764705883
171;1008.6;12.0;1.0;17.0;71.0;5.5;5.3125;2.1875;83.6;0.5942857142857143;1.8125;4.65;582.2;5.91875;10.0;2.485;7.125;0.0017142857142857144;53.0;0.05;0.415;0.70425;2.075;0.59375;0.39117647058823535
172;1008.5;15.0;2.0;11.440000000000001;47.43666666666667;6.6000000000000005;6.375;2.625;100.32;0.7428571428571429;2.175;5.58;615.4;7.102500000000001;12.0;3.1062499999999997;8.55;0.002142857142857143;48.833333333333336;0.06;0.5187499999999999;0.8803125;2.59375;0.7124999999999999;0.4694117647058824
173;1008.4;18.0;3.0;5.880000000000001;23.873333333333335;7.700000000000001;7.4375;3.0625;117.03999999999999;0.8914285714285715;2.5375;6.510000000000001;648.6;8.28625;14.0;3.7275;9.975;0.0025714285714285717;44.666666666666664;0.07;0.6224999999999999;1.056375;3.1125000000000003;0.8312499999999999;0.5476470588235295
174;1008.3;21.0;4.0;0.32;0.31;8.8;8.5;3.5;133.76;1.04;2.9;7.44;681.8;9.47;16.0;4.34875;11.4;0.003;40.5;0.08;0.72625;1.2324375;3.6312500000000005;0.95;0.6258823529411766
175;1008.2;24.0;5.0;15.0;18.0;10.700000000000001;9.5625;3.9375;0.0;1.0350000000000001;2.675;7.576666666666667;715.0;8.0;18.0;4.97;10.22;0.00385;36.33333333333333;0.2114285714285714;0.83;1.4085;4.15;2.6333333333333333;0.7041176470588236
176;1008.1;23.25;1.0;102.0;7.0;12.600000000000001;10.625;4.375;17.75;1.03;2.45;7.713333333333334;555.0;8.723749999999999;20.0;5.59125;9.04;0.0047;32.166666666666664;0.34285714285714286;0.93375;1.5845625;4.66875;4.316666666666666;0.7823529411764707
177;1008.0;22.5;4.0;13.0;8.0;14.5;11.6875;4.8125;35.5;1.025;2.225;7.8500000000000005;418.0;9.4475;38.05714285714286;6.2124999999999995;7.859999999999999;0.00555;28.0;0.47428571428571425;1.0374999999999999;1.760625;5.1875;6.0;0.8605882352941178
178;1013.0;21.75;2.0;24.379133333333336;8.888333333333334;16.4;12.75;5.25;54.0;1.02;2.0;7.986666666666666;487.0;10.17125;56.114285714285714;6.833749999999999;6.68;0.0064;36.666666666666664;0.6057142857142856;1.1412499999999999;1.9366875000000001;5.706250000000001;4.5;0.9388235294117648
179;1002.0;21.0;2.0;35.75826666666667;9.776666666666667;18.3;13.8125;5.6875;72.5;1.0150000000000001;2.0;8.123333333333333;485.0;10.895;74.17142857142858;7.455;5.5;0.00725;45.33333333333333;0.7371428571428571;1.2449999999999999;2.11275;6.2250000000000005;3.0;1.0170588235294118
180;1008.0;20.25;2.0;47.1374;10.665;20.2;14.875;6.125;91.0;1.01;2.0;8.26;483.0;11.618749999999999;92.22857142857143;8.07625;4.319999999999999;0.0081;54.0;0.8685714285714284;1.34875;2.2888125;6.74375;1.5;1.095294117647059
181;1009.0;19.5;3.0;58.516533333333335;11.553333333333333;22.1;15.9375;6.5625;89.65833333333333;1.005;2.0;8.396666666666667;478.0;12.3425;110.28571428571428;8.6975;3.139999999999999;0.00895;39.0;1.0;1.4525;2.464875;7.262500000000001;0.0;1.1735294117647062
182;1003.0;18.75;2.0;69.89566666666667;12.441666666666666;24.0;17.0;7.0;88.31666666666666;1.0;2.0;8.533333333333333;532.0;13.06625;128.34285714285716;9.31875;1.959999999999999;0.0098;48.0;0.55;1.55625;2.6409375;7.781250000000001;0.0332;1.2517647058823531
183;1008.0;18.0;2.0;81.2748;13.33;4.5;0.9;3.6;86.975;0.08;2.0;8.67;528.0;13.79;146.4;9.94;0.78;0.01065;68.0;0.1;1.66;2.817;8.3;0.0664;1.33
184;1010.0;13.666666666666668;0.0;0.0;0.0;4.909090909090909;4.933333333333334;3.4543478260869565;90.57727272727273;0.0;2.0;8.627272727272727;519.0;13.36090909090909;97.6;4.97;2.381818181818182;0.0115;67.0;0.0;1.5921739130434782;1.4085;4.15;0.0996;21.0
185;1013.0;9.333333333333334;0.0;0.0;0.0;5.318181818181818;8.966666666666667;3.3086956521739133;94.17954545454545;0.0;2.0;8.584545454545454;589.0;12.931818181818182;48.8;0.0;3.9836363636363634;0.01235;66.0;0.018;1.5243478260869565;0.0;0.0;0.1328;149.0
186;1021.0;5.0;4.0;81.0;3.0;5.7272727272727275;13.0;3.1630434782608696;97.78181818181818;0.0;2.0;8.541818181818181;475.0;12.502727272727272;0.0;1.5;5.585454545454545;0.0132;65.0;0.036;1.4565217391304348;0.0;0.0;0.166;143.02380952380952
187;1020.6315789473684;4.8;2.0;17.0;54.0;6.136363636363637;12.3975;3.017391304347826;101.3840909090909;0.5;2.0;8.499090909090908;495.25;12.073636363636364;3.495;3.0;7.187272727272727;0.01405;65.2;0.05399999999999999;1.3886956521739129;0.0;0.891875;0.1992;137.04761904761904
188;1020.2631578947369;4.6;2.0;18.25;60.75;6.545454545454545;11.795;2.871739130434783;104.98636363636363;1.0;2.0;8.456363636363635;515.5;11.644545454545455;6.99;2.857142857142857;8.789090909090907;0.0149;65.4;0.072;1.3208695652173912;0.0;1.78375;0.2324;131.07142857142856
189;1019.8947368421053;4.4;2.0;19.5;67.5;6.954545454545455;11.192499999999999;2.726086956521739;108.58863636363635;1.5;2.0;8.413636363636364;535.75;11.215454545454545;10.485;2.7142857142857144;10.390909090909089;0.01575;65.6;0.09;1.2530434782608695;0.0;2.675625;0.2656;125.0952380952381
190;1019.5263157894736;4.2;2.0;20.75;74.25;7.363636363636363;10.59;2.5804347826086955;112.19090909090909;2.0;2.0;8.370909090909091;556.0;10.786363636363635;13.98;2.5714285714285716;11.99272727272727;0.0166;65.8;0.10799999999999998;1.1852173913043478;0.0;3.5675;0.2988;119.11904761904762
191;1019.1578947368421;4.0;2.0;22.0;81.0;7.772727272727273;9.9875;2.4347826086956523;115.79318181818181;1.72;2.0;8.328181818181818;537.2;10.357272727272727;17.475;2.428571428571429;13.594545454545452;0.01745;66.0;0.126;1.117391304347826;0.0;4.459375;0.332;113.14285714285714
192;1018.7894736842105;3.8;2.0;14.776666666666667;54.09;8.181818181818182;9.385;2.289130434782609;119.39545454545454;1.44;2.0;8.285454545454545;518.4;9.92818181818182;20.97;2.2857142857142856;15.196363636363634;0.0183;61.5;0.144;1.0495652173913044;0.0;5.35125;0.3652;107.16666666666666
193;1018.421052631579;3.5999999999999996;2.0;7.553333333333333;27.18;8.59090909090909;8.782499999999999;2.1434782608695655;122.99772727272727;1.16;2.0;8.242727272727272;499.6;9.49909090909091;24.465;2.142857142857143;16.798181818181817;0.01915;57.0;0.16199999999999998;0.9817391304347827;0.0;6.243125;0.3984;101.19047619047619
194;1018.0526315789474;3.4;2.0;0.33;0.27;9.0;8.18;1.9978260869565219;126.6;0.88;1.82;8.2;480.8;9.07;27.96;2.0;18.4;0.02;52.5;0.18;0.9139130434782609;0.0;7.135;0.4316;95.21428571428572
195;1017.6842105263158;3.2;1.0;146.0;4.0;8.877777777777778;7.5775;1.8521739130434784;100.19999999999999;1.2533333333333334;1.856;8.098888888888888;462.0;9.125555555555556;31.455000000000002;1.8571428571428572;15.77142857142857;0.02011111111111111;48.0;0.4155555555555555;0.8460869565217392;0.0;7.125333333333333;0.4648;89.23809523809524
196;1017.3157894736842;3.0;1.6666666666666665;104.33333333333334;31.0;8.755555555555556;6.975;1.706521739130435;73.8;1.6266666666666667;1.8920000000000001;7.997777777777777;496.0;9.181111111111111;34.95;1.7142857142857144;13.142857142857142;0.02022222222222222;51.0;0.651111111111111;0.7782608695652175;0.0;7.115666666666667;0.498;83.26190476190476
197;1016.9473684210526;2.8;2.333333333333333;62.66666666666667;58.0;8.633333333333333;6.3725;1.5608695652173914;47.400000000000006;2.0;1.928;7.8966666666666665;530.0;9.236666666666666;38.445;1.5714285714285716;10.514285714285712;0.020333333333333335;54.0;0.8866666666666665;0.7104347826086956;0.0;7.106;0.5312;77.28571428571428
198;1016.578947368421;2.5999999999999996;3.0;21.0;85.0;8.511111111111111;5.77;1.4152173913043482;21.0;1.8166666666666667;1.964;7.795555555555556;550.2;9.292222222222222;41.94;1.4285714285714286;7.885714285714284;0.020444444444444446;57.0;1.122222222222222;0.6426086956521739;0.0;7.096333333333333;0.5644;71.30952380952381
199;1016.2105263157895;2.4;3.6666666666666665;16.875999999999998;68.09;8.38888888888889;5.1674999999999995;1.2695652173913046;24.486;1.6333333333333333;2.0;7.694444444444445;570.4;9.347777777777779;45.435;1.2857142857142858;5.257142857142856;0.020555555555555556;54.833333333333336;1.3577777777777775;0.5747826086956522;0.0;7.086666666666667;0.5976;65.33333333333333
200;1015.8421052631579;2.1999999999999997;4.333333333333333;12.751999999999999;51.18;8.266666666666667;4.5649999999999995;1.123913043478261;27.972;1.45;2.0;7.593333333333333;590.6;9.403333333333334;48.93;1.142857142857143;2.6285714285714263;0.020666666666666667;52.666666666666664;1.593333333333333;0.5069565217391305;0.0;7.077;0.6308;59.35714285714286
201;1015.4736842105264;2.0;5.0;8.627999999999998;34.269999999999996;8.144444444444446;3.9624999999999986;0.9782608695652177;31.458;1.2666666666666666;2.2266666666666666;7.492222222222222;610.8;9.45888888888889;52.425000000000004;1.0;0.0;0.02077777777777778;50.5;1.8288888888888886;0.4391304347826088;0.0;7.067333333333333;0.664;53.38095238095238
202;1015.1052631578947;1.76;4.0;4.503999999999998;17.36;8.022222222222222;3.3599999999999994;0.8326086956521741;34.944;1.0833333333333333;2.4533333333333336;7.391111111111111;631.0;9.514444444444445;55.92;0.8571428571428572;2.0;0.02088888888888889;48.333333333333336;2.0644444444444443;0.3713043478260871;0.0;7.057666666666667;0.6972;47.4047619047619
203;1014.7368421052631;1.52;3.0;0.38;0.45;7.9;2.7575000000000003;0.6869565217391309;38.43;0.9;2.68;7.29;547.0;9.57;59.415;0.7142857142857144;4.0;0.021;46.16666666666667;2.3;0.3034782608695654;0.0;7.048;0.7304;41.42857142857143
204;1014.3684210526316;1.28;1.0;153.0;1.0;4.45;2.1549999999999994;0.5413043478260873;30.94333333333333;1.85;2.586666666666667;7.326666666666667;463.0;9.68;62.910000000000004;0.5714285714285716;3.5555555555555554;0.016800000000000002;44.0;1.8299999999999998;0.2356521739130435;0.0;8.498666666666667;0.7636000000000001;35.45238095238095
205;1014.0;1.04;2.0;89.955;17.25;1.0;1.5524999999999984;0.39565217391304364;23.456666666666663;2.8000000000000003;2.493333333333333;7.363333333333333;490.0;9.790000000000001;66.405;0.4285714285714288;3.111111111111111;0.0126;25.5315;1.3599999999999999;0.1678260869565218;0.0;9.949333333333334;0.7968;29.47619047619048
206;1005.0;0.8;2.0;26.91;33.5;1.2;0.95;0.25;15.97;3.75;2.4;7.4;447.0;9.9;69.9;0.28571428571428603;2.666666666666667;0.0084;7.063;0.89;0.1;0.0;11.4;0.83;23.5
207;1012.5;7.866666666666666;3.0;47.455;49.75;8.0;7.9750000000000005;0.2;23.510625;1.875;2.2666666666666666;7.315;458.0;9.374;72.92;0.14285714285714324;2.2222222222222223;0.004199999999999999;27.531499999999998;0.849375;0.07500000000000001;0.0;5.7;0.6916666666666667;18.8
208;1020.0;14.933333333333334;4.0;68.0;66.0;6.5;15.0;0.15;31.051250000000003;0.0;2.1333333333333333;7.23;469.0;8.848;75.94;0.0;1.7777777777777777;0.0;48.0;0.80875;0.05;0.0;0.0;0.5533333333333332;14.1
209;1010.0;22.0;0.0;0.0;0.0;5.0;14.459259259259259;0.09999999999999998;38.591875;0.0;2.0;7.145;524.0;8.322;78.96000000000001;0.0;1.3333333333333335;0.0;71.0;0.768125;0.024999999999999994;0.0;0.0;0.4149999999999999;9.399999999999999
210;1014.0;14.666666666666668;1.0;97.33333333333333;60.0;3.5;13.918518518518518;0.04999999999999999;46.1325;0.0;1.3333333333333335;7.06;464.0;7.795999999999999;81.98;0.0;0.8888888888888893;0.0;94.0;0.7275;0.0;0.0;0.0;0.2766666666666666;4.699999999999999
211;1012.0;7.333333333333334;2.0;194.66666666666666;44.5;2.0;13.377777777777778;0.0;53.673125;0.0;0.6666666666666667;6.975;512.0;7.27;85.0;0.0;0.44444444444444464;0.0;47.0;0.686875;0.0;0.0;0.0;0.1383333333333333;0.0
212;0.0;0.0;1.0;292.0;29.0;2.6363636363636362;12.837037037037037;0.0;61.213750000000005;0.0;0.0;6.89;0.0;0.0;0.0;0.0;0.0;0.0;0.0;0.64625;0.011153846153846153;0.0;0.0;0.0;44.5
213;1012.0;0.0;0.0;0.0;0.0;3.2727272727272725;12.296296296296296;0.23043478260869565;68.75437500000001;0.0;0.125;6.939;590.0;0.954;5.75;0.0;0.0;0.0;16.25;0.6056250000000001;0.022307692307692306;0.0;0.0;0.0;125.0
214;1009.0;0.0;2.0;79.0;77.33333333333333;3.909090909090909;11.755555555555556;0.4608695652173913;76.295;0.0;0.25;6.9879999999999995;488.0;1.908;11.5;0.0;0.0;0.0;32.5;0.565;0.03346153846153846;0.0;0.0;1.625;49.0
215;1008.9333333333333;0.4;2.2;62.5;154.66666666666666;4.545454545454545;11.214814814814815;0.691304347826087;83.83562500000001;0.4;0.375;7.037;537.0;2.862;17.25;0.1875;0.0;0.001875;48.75;0.524375;0.04461538461538461;0.11304347826086956;0.90425;3.25;40.2
216;1008.8666666666667;0.8;2.4;46.0;232.0;5.181818181818182;10.674074074074074;0.9217391304347826;91.37625;0.8;0.5;7.085999999999999;552.3333333333334;3.816;23.0;0.375;0.0;0.00375;65.0;0.48375;0.055769230769230765;0.22608695652173913;1.8085;4.875;31.4
217;1008.8;1.2000000000000002;2.6;38.385;193.40166666666667;5.818181818181818;10.133333333333333;1.1521739130434783;98.916875;1.2000000000000002;0.625;7.135;567.6666666666666;4.77;28.75;0.5625;0.0;0.005625;64.16666666666667;0.443125;0.06692307692307692;0.3391304347826087;2.7127499999999998;6.5;22.599999999999998
218;1008.7333333333333;1.6;2.8;30.770000000000003;154.80333333333334;6.454545454545454;9.592592592592592;1.382608695652174;106.45750000000001;1.6;0.75;7.184;583.0;5.724;34.5;0.75;0.0;0.0075;63.333333333333336;0.40249999999999997;0.07807692307692307;0.45217391304347826;3.617;8.125;13.799999999999997
219;1008.6666666666666;2.0;3.0;23.155;116.20499999999998;7.090909090909091;9.051851851851852;1.6130434782608696;113.998125;2.0;0.875;7.233;598.3333333333334;6.678;40.25;0.9375;0.0;0.009375;62.5;0.36187499999999995;0.08923076923076922;0.5652173913043478;4.52125;9.75;5.0
220;1008.6;4.375;3.0;15.540000000000003;77.60666666666665;7.7272727272727275;8.511111111111111;1.8434782608695652;121.53875000000001;1.68;1.0;7.282;613.6666666666666;7.632;46.0;1.125;2.2666666666666666;0.01125;61.666666666666664;0.32125000000000004;0.10038461538461538;0.6782608695652174;5.4254999999999995;11.375;5.433333333333334
221;1008.5333333333333;6.75;3.5;7.925000000000004;39.008333333333326;8.363636363636363;7.97037037037037;2.073913043478261;129.079375;1.3599999999999999;2.05;7.3309999999999995;629.0;8.586;51.142857142857146;1.3125;4.533333333333333;0.013125;60.833333333333336;0.280625;0.11153846153846153;0.7913043478260869;6.32975;13.0;5.866666666666667
222;1008.4666666666667;9.125;4.0;0.31;0.41;9.0;7.42962962962963;2.3043478260869565;136.62;1.04;3.1;7.38;592.5;9.54;56.285714285714285;1.5;6.8;0.015;60.0;0.24;0.12269230769230768;0.9043478260869565;7.234;14.625;6.3
223;1008.4;11.5;4.0;24.654999999999998;6.0575;8.2;6.888888888888889;2.534782608695652;117.26;5.693333333333333;2.05;7.394615384615385;556.0;9.431999999999999;61.42857142857143;1.4738461538461538;5.6;0.01125;59.166666666666664;0.45999999999999996;0.13384615384615384;1.017391304347826;7.3406153846153845;16.25;6.733333333333333
224;1008.3333333333334;13.875;4.0;49.0;11.705;7.4;6.348148148148148;2.765217391304348;97.9;10.346666666666668;1.0;7.409230769230769;598.0;9.324;66.57142857142857;1.4476923076923076;4.4;0.0075;58.333333333333336;0.6799999999999999;0.145;1.1304347826086956;7.447230769230769;17.875;7.166666666666667
225;1008.2666666666667;16.25;1.0;40.5;17.3525;6.6;5.807407407407407;2.9956521739130437;78.53999999999999;15.0;1.0;7.423846153846154;641.5;9.216;71.71428571428572;1.4215384615384616;3.2;0.00375;57.5;0.9;0.15615384615384614;1.2434782608695651;7.553846153846154;19.5;7.6
226;1008.2;18.625;4.0;32.0;23.0;5.8;5.266666666666666;3.226086956521739;59.17999999999999;13.602;1.5;7.438461538461539;685.0;9.108;76.85714285714286;1.3953846153846154;2.0;0.0;56.666666666666664;1.12;0.1673076923076923;1.3565217391304347;7.660461538461538;21.125;8.033333333333333
227;1008.1333333333333;21.0;1.0;102.0;20.0;5.0;4.725925925925926;3.4565217391304346;39.81999999999999;12.204;2.0;7.453076923076923;546.0;9.0;82.0;1.3692307692307693;2.0522222222222224;0.0;55.83333333333333;1.34;0.17846153846153845;1.4695652173913043;7.767076923076923;22.75;8.466666666666667
228;1008.0666666666667;18.6125;1.0;153.0;0.0;5.0875;4.185185185185185;3.6869565217391305;20.45999999999998;10.806;2.1;7.467692307692308;464.0;8.135;73.6375;1.343076923076923;2.1044444444444443;0.0;55.0;1.56;0.1896153846153846;1.5826086956521739;7.873692307692307;24.375;8.9
229;1008.0;16.225;4.0;9.0;7.0;5.175;3.644444444444444;3.9173913043478263;1.1;9.408;2.2;7.4823076923076925;480.0;7.27;65.275;1.3169230769230769;2.1566666666666667;0.0;51.0;1.78;0.20076923076923076;1.6956521739130435;7.980307692307692;26.0;9.333333333333334
230;1011.0;13.837499999999999;1.0;58.0;11.0;5.2625;3.1037037037037045;4.147826086956522;19.258333333333336;8.01;2.3;7.4969230769230775;572.0;6.405;56.912499999999994;1.2907692307692307;2.208888888888889;0.0;47.0;2.0;0.2119230769230769;1.808695652173913;8.086923076923076;22.84;9.766666666666666
231;1014.0;11.45;3.0;46.68032;10.560977142857142;5.35;2.5629629629629633;4.378260869565217;37.41666666666667;6.611999999999998;2.4;7.5115384615384615;477.0;5.54;48.55;1.2646153846153845;2.261111111111111;0.0001875;43.0;1.718;0.22307692307692306;1.9217391304347826;8.193538461538461;19.68;10.2
232;1012.6666666666666;9.0625;2.0;35.360640000000004;10.121954285714287;5.4375;2.022222222222222;4.608695652173913;55.57500000000001;5.213999999999999;2.5;7.526153846153846;479.0;4.675;40.1875;1.2384615384615385;2.3133333333333335;0.000375;39.0;1.436;0.23423076923076921;2.034782608695652;8.300153846153846;16.52;10.633333333333333
233;1011.3333333333334;6.674999999999999;3.0;24.04096;9.682931428571429;5.525;1.481481481481481;4.839130434782609;73.73333333333333;3.815999999999999;2.5999999999999996;7.540769230769231;477.5;3.8100000000000005;31.824999999999996;1.2123076923076923;2.365555555555556;0.0005625000000000001;35.0;1.154;0.24538461538461537;2.1478260869565218;8.40676923076923;13.36;11.066666666666666
234;1010.0;4.287499999999998;2.0;12.72128;9.243908571428571;5.6125;0.9407407407407398;5.069565217391304;91.89166666666667;2.4179999999999993;2.6999999999999997;7.555384615384615;476.0;2.9450000000000003;23.46249999999999;1.1861538461538461;2.417777777777778;0.00075;31.0;0.8719999999999999;0.2565384615384615;2.260869565217391;8.513384615384615;10.2;11.5
235;1006.5;1.9;4.0;1.4016;8.804885714285714;5.7;0.4;5.3;110.05;1.02;2.8;7.57;623.0;2.08;15.1;1.16;2.47;0.0009375;27.5;0.59;0.2676923076923077;2.373913043478261;8.62;7.039999999999999;11.933333333333334
236;1003.0;1.2999999999999998;3.0;61.7158;8.365862857142858;28.0;16.0;12.0;61.48;1.76;1.95;7.535;506.0;4.845000000000001;34.3;4.126666666666667;1.4500000000000002;0.0011250000000000001;24.0;0.72;0.27884615384615385;2.4869565217391303;8.513333333333334;3.879999999999999;12.366666666666667
237;1005.0;0.7;2.0;122.03;7.92684;1.0;0.88;0.12;12.91;2.5;1.1;7.5;498.0;7.61;53.5;7.093333333333334;0.43;0.0013125;5.593;0.85;0.29;2.6;8.406666666666666;0.72;12.8
238;1008.0;17.7;3.0;81.2;1.94;4.7;0.9;3.8;46.15;0.64;1.6;7.708;530.0;11.81;124.6;10.06;0.6;0.0015;81.0;0.12;2.33;3.29;8.3;0.6988235294117647;1.72
239;1008.1538461538462;15.25;3.0;71.08375000000001;1.75;5.1625000000000005;1.4700000000000002;3.6848484848484846;56.0275;1.0933333333333333;1.7000000000000002;7.423333333333334;531.6666666666666;11.5625;120.94999999999999;9.286153846153846;1.075;0.0016875;78.6;1.06;2.2571875;3.036923076923077;8.322875;0.6776470588235294;1.68
240;1008.3076923076923;12.8;3.0;60.9675;1.56;5.625;2.04;3.5696969696969694;65.905;1.5466666666666666;1.8;7.1386666666666665;533.3333333333334;11.315000000000001;117.3;8.512307692307694;1.55;0.001875;76.2;2.0;2.184375;2.783846153846154;8.34575;0.6564705882352941;1.64
241;1008.4615384615385;10.35;3.0;50.85125;1.3699999999999999;6.0875;2.6100000000000003;3.454545454545454;75.7825;2.0;1.9;6.854;535.0;11.0675;113.64999999999999;7.738461538461539;2.025;0.0020625;73.8;1.68;2.1115625000000002;2.5307692307692307;8.368625000000002;0.6352941176470588;1.6
242;1008.6153846153846;7.9;3.0;40.735;1.18;6.550000000000001;3.18;3.3393939393939394;85.66;1.772;2.0;6.569333333333334;559.75;10.82;110.0;6.964615384615385;2.5;0.0022500000000000003;71.4;1.3599999999999999;2.0387500000000003;2.2776923076923077;8.3915;0.6141176470588235;1.56
243;1008.7692307692307;5.450000000000001;3.0;30.61875;0.99;7.0125;3.7500000000000004;3.224242424242424;95.5375;1.544;2.0;6.284666666666666;584.5;10.5725;106.35;6.190769230769231;2.975;0.0024375;69.0;1.04;1.9659375000000001;2.0246153846153847;8.414375;0.5929411764705882;1.52
244;1008.9230769230769;3.0;3.0;20.502499999999998;0.7999999999999998;7.4750000000000005;4.32;3.109090909090909;105.415;1.3159999999999998;2.3266666666666667;6.0;609.25;10.325;102.69999999999999;5.416923076923077;3.45;0.002625;66.6;0.72;1.893125;1.7715384615384615;8.43725;0.571764705882353;1.48
245;1009.0769230769231;3.0833333333333335;3.5;10.386250000000004;0.6099999999999999;7.9375;4.890000000000001;2.9939393939393937;115.29250000000002;1.0879999999999999;2.6533333333333333;7.385;634.0;10.0775;99.05;4.643076923076924;3.9250000000000003;0.0028125;64.2;0.3999999999999999;1.8203125;1.5184615384615383;8.460125000000001;0.5505882352941176;1.44
246;1009.2307692307693;3.1666666666666665;4.0;0.27;0.42;8.4;5.460000000000001;2.878787878787879;125.17;0.86;2.98;8.77;481.5;9.83;95.39999999999999;3.8692307692307697;4.4;0.003;61.8;0.08;1.7475;1.2653846153846153;8.483;0.5294117647058824;1.4
247;1009.3846153846154;3.25;4.0;108.0;2.21;8.266666666666667;6.030000000000001;2.7636363636363637;122.58657894736842;0.688;2.784;8.388695652173913;329.0;9.4368;91.75;3.0953846153846154;4.224;0.0028928571428571428;59.400000000000006;0.07652173913043478;1.6746875;1.0123076923076924;8.09740909090909;0.508235294117647;1.3599999999999999
248;1009.5384615384615;3.3333333333333335;1.0;210.0;4.0;8.133333333333333;6.600000000000001;2.6484848484848484;120.00315789473684;0.516;2.588;8.007391304347825;725.0;9.0436;88.1;2.321538461538462;4.048;0.002785714285714286;57.0;0.07304347826086957;1.6018750000000002;0.7592307692307694;7.711818181818183;0.48705882352941177;1.3199999999999998
249;1009.6923076923077;3.4166666666666665;0.6666666666666667;140.0;2.666666666666667;8.0;7.170000000000001;2.533333333333333;117.41973684210527;0.344;2.392;7.626086956521739;646.6666666666666;8.6504;84.44999999999999;1.5476923076923086;3.8720000000000003;0.0026785714285714286;38.0;0.06956521739130435;1.5290625;0.506153846153846;7.326227272727273;0.46588235294117647;1.28
250;1009.8461538461538;3.5;0.33333333333333337;70.0;1.3333333333333335;7.5;7.740000000000001;2.418181818181818;114.83631578947369;0.17200000000000004;2.1959999999999997;7.244782608695652;568.3333333333334;8.257200000000001;80.8;0.7738461538461543;3.696;0.0025714285714285713;19.0;0.06608695652173913;1.45625;0.253076923076923;6.940636363636364;0.4447058823529412;1.24
251;1010.0;3.583333333333333;0.0;0.0;0.0;7.0;8.31;2.3030303030303028;112.25289473684211;0.0;2.0;6.863478260869565;490.0;7.864;77.15;0.0;3.5200000000000005;0.0024642857142857144;0.0;0.06260869565217392;1.3834375;0.0;6.555045454545455;0.4235294117647059;1.2
252;1009.3076923076923;3.6666666666666665;0.3333333333333333;37.5;138.5;6.5;8.88;2.1878787878787875;109.66947368421053;2.0;2.0;6.482173913043478;469.0;7.4708000000000006;73.5;0.0;3.3440000000000003;0.002357142857142857;37.0;0.059130434782608696;1.310625;0.0;6.1694545454545455;0.4023529411764706;1.16
253;1008.6153846153846;3.75;0.6666666666666666;75.0;277.0;6.0;9.450000000000001;2.0727272727272728;107.08605263157895;1.875;2.0;6.1008695652173905;479.0;7.0776;69.85;0.0;3.168;0.0022500000000000003;74.0;0.05565217391304348;1.2378125;0.0;5.783863636363637;0.3811764705882353;1.12
254;1007.9230769230769;3.833333333333333;1.0;2.0;13.0;5.5;10.020000000000001;1.9575757575757575;104.50263157894737;1.75;2.0;5.719565217391304;489.0;6.6844;66.19999999999999;0.0;2.992;0.002142857142857143;66.0;0.052173913043478265;1.165;0.0;5.398272727272728;0.36;1.08
255;1007.2307692307693;3.9166666666666665;2.5;23.2;16.0;5.0;10.590000000000002;1.8424242424242423;101.9192105263158;1.625;2.0;5.338260869565216;499.0;6.2912;62.55;0.0;2.8160000000000003;0.0020357142857142857;58.0;0.04869565217391304;1.0921875;0.0;5.012681818181819;0.3388235294117647;1.04
256;1006.5384615384615;4.0;4.0;44.4;19.0;4.5;11.160000000000002;1.727272727272727;99.33578947368422;1.5;2.0;4.95695652173913;509.0;5.898;58.89999999999999;0.0;2.64;0.0019285714285714286;50.0;0.04521739130434783;1.0193750000000001;0.0;4.62709090909091;0.3176470588235294;1.0
257;1005.8461538461538;4.75;5.0;65.6;22.0;4.0;11.730000000000002;1.6121212121212123;96.75236842105264;1.375;2.0;4.575652173913043;519.0;5.5048;55.25;0.0;2.4640000000000004;0.0018214285714285715;42.0;0.04173913043478261;0.9465625;0.0;4.2415;0.2964705882352941;0.9230769230769231
258;1005.1538461538462;5.5;4.5;86.8;25.0;3.5;12.300000000000002;1.496969696969697;94.16894736842104;1.25;2.0;4.194347826086956;529.0;5.1116;51.599999999999994;0.0;2.2880000000000003;0.0017142857142857142;34.0;0.03826086956521739;0.87375;0.0;3.8559090909090914;0.2752941176470588;0.8461538461538461
259;1004.4615384615385;6.25;4.0;108.0;28.0;3.0;12.870000000000001;1.3818181818181818;91.58552631578948;1.125;2.0;3.8130434782608686;329.0;4.7184;47.95;0.0;2.112;0.0016071428571428571;26.0;0.034782608695652174;0.8009375000000001;0.0;3.4703181818181825;0.2541176470588235;0.7692307692307692
260;1003.7692307692307;7.0;3.0;68.5;31.0;2.5;13.440000000000001;1.2666666666666666;89.00210526315789;1.0;2.0;3.4317391304347824;372.5;4.325200000000001;44.3;0.0;1.936;0.0015;18.0;0.03130434782608696;0.7281249999999999;0.0;3.0847272727272728;0.2329411764705882;0.6923076923076923
261;1003.0769230769231;10.25;3.0;29.0;34.0;2.0;14.010000000000002;1.1515151515151514;86.41868421052632;0.875;2.0;3.0504347826086953;416.0;3.9320000000000004;40.64999999999999;0.0;1.7600000000000002;0.0013928571428571427;10.0;0.027826086956521737;0.6553125;0.0;2.699136363636364;0.21176470588235297;0.6153846153846154
262;1002.3846153846154;13.5;1.0;368.0;24.0;1.6666666666666667;14.580000000000002;1.0363636363636362;83.83526315789473;0.75;2.0;2.669130434782608;409.0;3.5388;37.0;0.0;1.584;0.0012857142857142856;2.0;0.02434782608695652;0.5825;0.0;2.313545454545455;0.19058823529411761;0.5384615384615384
263;1001.6923076923077;16.75;1.0;282.0;12.0;1.3333333333333335;15.150000000000002;0.9212121212121214;81.25184210526317;0.625;2.0;2.287826086956521;448.0;3.1456;76.0;0.0;1.408;0.0011785714285714286;26.0;0.020869565217391306;0.5096875000000001;0.0;1.9279545454545461;0.16941176470588237;0.46153846153846145
264;1001.0;20.0;5.0;212.33333333333331;96.0;1.0;15.720000000000002;0.8060606060606061;78.66842105263157;0.5;2.0;1.9065217391304339;500.0;2.7523999999999997;72.0;0.0;1.2320000000000002;0.0010714285714285713;41.333333333333336;0.017391304347826084;0.4368750000000001;0.0;1.5423636363636373;0.14823529411764702;0.3846153846153846
265;1005.75;16.666666666666668;4.5;142.66666666666666;180.0;1.0;16.290000000000003;0.6909090909090909;76.08500000000001;0.375;2.0;1.5252173913043476;463.0;2.3592000000000004;68.0;0.0;1.056;0.0009642857142857144;56.66666666666667;0.013913043478260875;0.36406249999999996;0.0;1.1567727272727275;0.12705882352941178;0.3076923076923077
266;1010.5;13.333333333333332;4.0;73.0;264.0;1.0;16.86;0.5757575757575757;73.50157894736842;0.25;2.0;1.1439130434782605;477.5;1.9660000000000002;64.0;0.0;0.8799999999999999;0.0008571428571428571;72.0;0.010434782608695653;0.2912499999999998;0.0;0.7711818181818186;0.10588235294117643;0.23076923076923073
267;1015.25;10.0;3.5;209.5;160.0;1.0;17.43;0.46060606060606046;70.91815789473685;0.125;2.0;0.7626086956521725;492.0;1.5728000000000009;60.0;0.0;0.7040000000000002;0.0007499999999999998;63.0;0.006956521739130431;0.21843749999999984;0.0;0.38559090909090976;0.08470588235294119;0.15384615384615374
268;1020.0;6.666666666666666;3.0;346.0;56.0;1.0;18.0;0.3454545454545457;68.33473684210526;0.0;2.0;0.38130434782608624;250.0;1.1796000000000006;56.0;0.0;0.528;0.0006428571428571429;54.0;0.0034782608695652223;0.1456249999999999;0.0;0.0;0.06352941176470583;0.07692307692307687
269;1010.0;3.333333333333332;0.0;0.0;0.0;1.0;17.177619047619046;0.23030303030303045;65.7513157894737;0.0;2.0;0.0;485.0;0.7864000000000004;52.0;0.0;0.3520000000000003;0.0005357142857142856;129.0;0.0;0.07281249999999995;0.0;0.0;0.04235294117647059;0.0
270;0.0;0.0;0.0;150.5;149.0;1.0;16.355238095238096;0.11515151515151523;63.1678947368421;0.0;1.0;3.49;499.0;0.3932000000000002;26.0;0.0;0.17600000000000016;0.00042857142857142833;204.0;0.036;0.0;0.0;0.0;0.021176470588235352;24.6
271;0.0;0.0;2.0;301.0;27.0;1.0;15.532857142857143;0.0;60.58447368421052;0.0;0.0;6.98;0.0;0.0;0.0;0.0;0.0;0.00032142857142857147;0.0;0.072;0.013157894736842105;0.0;0.0;0.0;49.2
272;1004.0;45553.0;0.0;0.0;0.0;1.0;14.710476190476191;0.25;58.00105263157894;0.0;0.1;12.653333333333332;415.0;0.5661111111111111;5.666666666666667;0.0;0.05611111111111111;0.00021428571428571417;59.0;0.10799999999999998;0.02631578947368421;0.0;0.0;0.028333333333333335;32.8
273;1010.0;0.0;4.0;227.0;3.1;1.0;13.88809523809524;0.5;55.417631578947365;0.0;0.2;18.326666666666668;405.0;1.1322222222222222;11.333333333333334;0.0;0.11222222222222222;0.00010714285714285687;118.0;0.144;0.039473684210526314;0.0;0.0;0.05666666666666667;16.4
274;1012.0;0.6666666666666666;4.0;201.57142857142858;6.2;1.0;13.065714285714286;0.75;52.834210526315786;0.78125;0.30000000000000004;24.0;391.0;1.6983333333333333;17.0;0.0;0.16833333333333333;0.0;112.71428571428571;0.18;0.05263157894736842;0.151875;0.0;0.085;0.0
275;1012.1;1.3333333333333333;4.0;176.14285714285714;9.3;1.0;12.243333333333334;1.0;50.25078947368421;1.5625;0.4;22.893333333333334;468.0;2.2644444444444445;22.666666666666668;0.0;0.22444444444444445;0.004666666666666667;107.42857142857143;0.21599999999999997;0.06578947368421052;0.30375;0.0;0.11333333333333334;2.5
276;1012.2;2.0;4.0;150.71428571428572;12.4;1.0;11.420952380952382;1.25;47.66736842105263;2.34375;0.5;21.786666666666665;497.0;2.8305555555555557;28.333333333333336;0.0;0.28055555555555556;0.009333333333333334;102.14285714285714;0.252;0.07894736842105263;0.45562500000000006;0.0;0.14166666666666666;5.0
277;1012.3;8.0;3.5;125.28571428571429;15.5;1.0;10.598571428571429;1.5;45.08394736842105;3.125;0.6000000000000001;20.68;526.0;3.3966666666666665;34.0;0.0;0.33666666666666667;0.014000000000000002;96.85714285714286;0.288;0.09210526315789473;0.6075;0.0;0.17;5.861538461538461
278;1012.4;14.0;3.0;99.85714285714286;18.6;1.0;9.776190476190477;1.75;42.50052631578947;3.90625;0.7000000000000001;19.573333333333334;493.5;3.9627777777777777;39.66666666666667;0.0;0.3927777777777778;0.018666666666666668;91.57142857142857;0.32399999999999995;0.10526315789473684;0.759375;0.0;0.19833333333333336;6.723076923076923
279;1012.5;20.0;3.0;74.42857142857144;21.7;1.0;8.953809523809525;2.0;39.91710526315789;4.6875;0.8;18.46666666666667;461.0;4.528888888888889;45.333333333333336;0.0;0.4488888888888889;0.023333333333333334;86.28571428571428;0.36;0.11842105263157894;0.9112500000000001;0.0;0.22666666666666668;7.584615384615384
280;1012.6;14.0;3.0;49.0;24.8;1.0;8.131428571428572;2.25;37.333684210526314;5.46875;0.9;17.36;392.0;5.095;51.0;0.0;0.505;0.028000000000000004;81.0;0.39599999999999996;0.13157894736842105;1.063125;0.0;0.255;8.446153846153846
281;1012.7;8.0;4.0;37.0;27.900000000000002;1.0;7.30904761904762;2.5;34.750263157894736;6.25;1.0;16.253333333333334;383.5;5.661111111111111;56.66666666666667;0.0;0.5611111111111111;0.03266666666666667;75.71428571428572;0.43199999999999994;0.14473684210526316;1.215;0.0;0.2833333333333333;9.307692307692307
282;1012.8;11.5;5.0;25.0;31.0;1.0;6.486666666666668;2.75;32.16684210526316;7.03125;1.1428571428571428;15.146666666666667;375.0;6.227222222222222;62.333333333333336;0.0;0.6172222222222222;0.037333333333333336;70.42857142857143;0.46799999999999997;0.15789473684210525;1.366875;0.0;0.3116666666666667;10.169230769230769
283;1012.9;15.0;1.0;390.0;20.0;1.0;5.664285714285715;3.0;29.58342105263158;7.8125;1.2857142857142856;14.04;479.0;6.793333333333333;68.0;0.0;0.6733333333333333;0.042;65.14285714285714;0.504;0.17105263157894735;1.51875;0.0;0.34;11.03076923076923
284;1013.0;20.0;3.0;349.575;26.585393333333332;1.0;4.841904761904763;2.545;27.0;8.59375;1.4285714285714286;12.933333333333334;380.0;7.359444444444445;68.56666666666666;0.0;0.7294444444444445;0.04666666666666667;59.85714285714286;0.5399999999999999;0.18421052631578946;1.670625;0.0;0.36833333333333335;11.892307692307693
285;1007.0;16.12;2.0;309.15;33.170786666666665;1.0;4.019523809523811;2.09;24.014;9.375;1.5714285714285714;11.826666666666666;498.0;7.9255555555555555;69.13333333333334;0.0;0.7855555555555556;0.051333333333333335;54.57142857142857;0.576;0.19736842105263158;1.8225000000000002;0.0;0.3966666666666667;12.753846153846153
286;1001.0;12.24;0.0;268.725;39.75618;1.0;3.1971428571428575;1.635;21.028;10.15625;1.7142857142857142;10.719999999999999;360.0;8.491666666666667;69.7;0.0;0.8416666666666667;0.05600000000000001;49.28571428571429;0.612;0.21052631578947367;1.9743750000000002;0.0;0.42500000000000004;13.615384615384615
287;1011.0;8.36;2.0;228.29999999999998;46.34157333333333;1.0;2.3747619047619057;1.18;18.042;10.9375;1.8571428571428572;9.613333333333333;453.0;9.057777777777778;70.26666666666667;0.0;0.8977777777777778;0.060666666666666674;44.0;0.6479999999999999;0.22368421052631576;2.12625;0.0;0.45333333333333337;14.476923076923077
288;1008.0;4.48;2.0;187.87499999999997;52.926966666666665;1.0;1.552380952380954;0.7250000000000001;15.056000000000001;11.71875;2.0;8.506666666666666;545.0;9.623888888888889;70.83333333333334;0.0;0.9538888888888889;0.06533333333333334;23.864;0.6839999999999999;0.23684210526315788;2.278125;0.0;0.4816666666666667;15.338461538461537
289;1005.0;0.6;2.0;147.45;59.51236;1.0;0.73;0.27;12.07;12.5;1.6;7.4;408.0;10.19;71.4;0.0;1.01;0.07;3.728;0.72;0.25;2.43;0.0;0.51;16.2
290;1004.75;4.2;1.6666666666666667;124.83166666666666;44.63427;4.8;3.384;1.4160000000000001;11.833333333333334;11.145833333333334;1.7000000000000002;15.05;440.0;9.305;65.71666666666667;0.0;0.9775;0.052500000000000005;12.9824;0.6316666666666666;0.1875;1.8225000000000002;0.0;0.425;12.149999999999999
291;1004.5;7.8;1.3333333333333335;102.21333333333334;29.75618;8.6;6.038;2.5620000000000003;11.596666666666668;9.791666666666666;1.8;22.700000000000003;472.0;8.42;60.03333333333334;0.0;0.9450000000000001;0.035;22.236800000000002;0.5433333333333333;0.125;1.215;0.0;0.33999999999999997;8.1
292;1004.25;11.4;1.0;79.595;14.87809;12.399999999999999;8.692;3.7080000000000006;11.36;8.4375;1.9000000000000001;30.35;434.0;7.535;54.35;0.0;0.9125;0.0175;31.491200000000003;0.45499999999999996;0.0625;0.6074999999999999;0.0;0.255;4.050000000000001
293;1004.0;15.0;3.0;56.976666666666674;0.0;16.2;11.346;4.854000000000001;11.123333333333333;7.083333333333333;2.0;38.0;0.0;6.65;48.66666666666667;0.0;0.88;0.0;40.7456;0.36666666666666664;0.0;0.0;0.0;0.16999999999999998;0.0
294;1004.5;8.35;3.0;34.35833333333335;0.2;20.0;14.0;6.0;10.886666666666667;5.729166666666666;2.1;22.85;464.0;5.765;42.983333333333334;0.1175;0.8475;0.0;50.0;0.2783333333333333;0.005555555555555556;0.1475;4.95;0.08499999999999996;0.5777777777777778
295;1005.0;1.7;2.0;11.74;0.4;1.0;0.85;0.15;10.65;4.375;2.2;7.7;506.0;4.88;37.3;0.235;0.815;0.0;51.4;0.19;0.011111111111111112;0.295;9.9;0.0;1.1555555555555557
296;1006.6;1.8428571428571427;2.0;18.16;0.6000000000000001;19.8;0.86;0.24;12.221428571428572;2.0;2.16;7.642857142857143;399.0;5.365714285714286;40.75714285714285;0.3525;0.7825;0.0;52.8;0.19714285714285715;0.016666666666666666;0.4425;9.9;0.054285714285714284;1.7333333333333334
297;1008.2;1.9857142857142858;2.0;24.58;0.8;38.6;0.87;0.32999999999999996;13.792857142857143;1.7708333333333333;2.12;7.585714285714285;412.5;5.851428571428571;44.214285714285715;0.47;0.75;0.0;54.2;0.2042857142857143;0.022222222222222223;0.59;9.9;0.10857142857142857;2.3111111111111113
298;1009.8;2.1285714285714286;2.0;31.0;1.0;57.400000000000006;0.88;0.42000000000000004;15.364285714285714;1.5416666666666667;2.08;7.5285714285714285;426.0;6.337142857142856;47.67142857142857;0.5874999999999999;0.7175;0.0;55.6;0.2114285714285714;0.02777777777777778;0.7374999999999999;9.9;0.16285714285714287;2.8888888888888893
299;1011.4;2.2714285714285714;1.0;31.0;0.0;76.2;0.89;0.51;16.935714285714283;1.3125;2.04;7.4714285714285715;432.0;6.822857142857142;51.128571428571426;0.705;0.685;0.0;57.0;0.21857142857142856;0.03333333333333333;0.885;9.9;0.21714285714285714;3.466666666666667
300;1013.0;2.4142857142857146;1.3333333333333333;25.4;6.4487440000000005;95.0;0.9;0.6;18.507142857142856;1.0833333333333335;2.0;7.414285714285715;431.0;7.308571428571428;54.58571428571429;0.8225;0.6525;0.0033333333333333335;46.7186;0.2257142857142857;0.03888888888888889;1.0325;9.9;0.2714285714285714;4.044444444444445
301;1008.5;2.557142857142857;1.6666666666666665;19.799999999999997;12.897488000000001;48.35;0.91;0.6900000000000001;20.07857142857143;0.8541666666666667;2.1;7.357142857142857;470.5;7.794285714285714;58.042857142857144;0.94;0.62;0.006666666666666667;36.437200000000004;0.23285714285714285;0.044444444444444446;1.18;9.9;0.32571428571428573;4.622222222222223
302;1004.0;2.7;2.0;14.2;19.346232;1.7;0.92;0.78;21.65;0.625;2.2;7.3;510.0;8.28;61.5;1.0574999999999999;0.5875;0.01;26.1558;0.24;0.05;1.3275;9.9;0.38;5.2
303;1004.0;3.7;2.0;10.1;25.794976000000002;1.0;0.94;0.0600000000000001;29.5;5.0;1.8;7.6;313.0;3.89;29.2;1.1749999999999998;0.5549999999999999;0.009545454545454546;15.874400000000001;0.07;0.035;1.4749999999999999;9.9;0.79;5.355
304;1005.0;1.0;2.0;11.74;32.24372;1.5;0.81;0.69;12.56;4.375;2.4;7.7;460.0;10.72;76.6;1.2925;0.5225;0.00909090909090909;5.593;0.42;0.02;1.6224999999999998;9.9;0.76;5.51
305;1005.0;2.05;2.0;23.6596;21.542480000000005;4.5;0.7;3.8;35.5;0.18;1.6;8.163;409.5;6.9750000000000005;50.599999999999994;1.41;0.49;0.008636363636363636;52.0;0.05;1.26;1.77;8.68;0.6;1.71
306;1005.0;3.1;4.0;29.78;10.841240000000003;1.5;0.75;0.75;25.2;2.5;1.8;7.3;359.0;3.23;24.6;0.74;0.49;0.008181818181818182;56.0;0.06;0.06;3.3099999999999996;9.9;0.44;5.85
307;1004.75;2.79;2.0;9.2558;0.14;4.5;0.6;3.9;35.5;0.1;1.8;7.956;399.0;8.9225;22.14;0.07;0.49;0.007727272727272728;60.0;0.05;1.99;4.85;8.68;0.56;1.38
308;1004.5;2.48;2.0;15.84;12.14364;1.1;0.95;0.15;15.56;3.125;2.2;7.878500000000001;439.0;14.615;19.68;0.06222222222222223;0.11;0.007272727272727273;3.723;0.15;0.08;3.165;9.9;0.68;7.85
309;1004.25;2.17;4.0;12.85675;13.071819999999999;4.2;1.1;3.1;55.735;0.1;1.6;7.801;479.0;20.3075;17.220000000000002;0.05444444444444445;0.54;0.006818181818181819;118.0;0.06;0.92;1.48;8.68;0.5950000000000001;7.0128571428571425
310;1004.0;1.86;3.5;62.669891666666665;14.0;3.8000000000000003;1.4000000000000001;2.4;58.788;0.16666666666666669;1.7333333333333334;7.7235000000000005;519.0;26.0;14.760000000000002;0.046666666666666676;0.6583333333333333;0.006363636363636364;111.83333333333333;0.09166666666666667;0.9433333333333334;2.1108333333333333;8.636666666666667;0.51;6.175714285714285
311;1003.75;1.55;3.0;112.48303333333334;17.464;3.4;1.7000000000000002;1.7;61.841;0.23333333333333334;1.8666666666666667;7.646000000000001;559.0;21.666666666666668;12.3;0.03888888888888889;0.7766666666666667;0.005909090909090909;105.66666666666667;0.12333333333333334;0.9666666666666667;2.7416666666666663;8.593333333333334;0.42500000000000004;5.338571428571429
312;1003.5;1.2400000000000002;3.0;162.296175;20.928;3.0;2.0;1.0;64.894;0.30000000000000004;2.0;7.5685;599.0;17.333333333333336;9.840000000000002;0.031111111111111117;0.895;0.005454545454545455;99.5;0.155;0.99;3.3724999999999996;8.55;0.34;4.501428571428571
313;1003.25;0.9300000000000002;3.0;212.10931666666667;24.392;16.5;10.5;6.0;67.947;0.3666666666666667;2.1333333333333333;7.4910000000000005;577.0;13.0;7.380000000000003;0.023333333333333338;1.0133333333333334;0.005;93.33333333333333;0.18666666666666668;1.0133333333333334;4.003333333333333;8.506666666666666;0.255;3.6642857142857146
314;1003.0;0.6200000000000001;3.0;261.92245833333334;27.856;30.0;19.0;11.0;71.0;0.43333333333333335;2.2666666666666666;7.4135;555.0;8.666666666666668;4.920000000000002;0.015555555555555559;1.1316666666666668;0.004545454545454545;87.16666666666666;0.21833333333333335;1.0366666666666666;4.634166666666666;8.463333333333333;0.17000000000000004;2.8271428571428574
315;501.5;0.31000000000000005;4.0;311.7356;31.32;6.8;1.3;5.5;46.15;0.5;2.4;7.336;584.5;4.333333333333336;2.460000000000001;0.007777777777777779;1.25;0.004090909090909091;81.0;0.25;1.06;5.265;8.42;0.08499999999999996;1.99
316;0.0;0.0;0.0;0.0;0.0;4.533333333333333;1.8666666666666667;8.625;47.55227272727272;0.0;2.1666666666666665;7.326933333333334;614.0;0.0;0.0;0.0;0.0;0.0036363636363636364;0.0;0.0;0.7066666666666668;0.0;0.0;0.0;3.891
317;507.0;4.0;1.0;342.0;0.0;2.2666666666666666;2.4333333333333336;11.75;48.95454545454545;0.0;1.9333333333333333;7.317866666666667;530.0;0.0;0.0;0.0;0.0;0.0031818181818181824;66.0;0.0;0.3533333333333334;0.0;0.0;0.0;5.792000000000001
318;1014.0;8.0;1.0;298.4;11.0;0.0;3.0;14.875;50.356818181818184;0.0;1.7;7.308800000000001;596.0;0.0;0.0;0.0;0.0;0.0027272727272727275;9.0;0.0;0.0;0.0;0.0;0.0;7.693000000000001
319;1015.1666666666666;16.5;1.0;254.8;14.0;1.5;5.5;18.0;51.75909090909091;1.0;1.4666666666666668;7.299733333333333;558.0;0.0;0.0;0.0;0.0;0.0022727272727272726;42.75;0.0;0.0;0.0;0.0;0.0;9.594000000000001
320;1016.3333333333334;25.0;1.0;211.2;11.666666666666666;3.0;8.0;16.455454545454547;53.16136363636363;2.0;1.2333333333333334;7.290666666666667;520.0;0.0;0.0;0.0;0.0;0.0018181818181818177;76.5;0.0;0.0;0.0;0.0;0.0;11.495000000000001
321;1017.5;23.0;1.0;167.6;9.333333333333332;2.8333333333333335;10.5;14.91090909090909;54.56363636363636;3.0;1.0;7.2816;411.0;0.0;0.0;0.0;0.0;0.0013636363636363637;110.25;0.0;0.0;0.0;0.0;0.0;13.396000000000003
322;1018.6666666666666;21.0;4.0;124.0;7.0;2.6666666666666665;13.0;13.366363636363637;55.96590909090909;2.0;1.25;7.2725333333333335;302.0;0.0;0.0;0.0;0.0;0.0009090909090909097;144.0;0.0;0.0;0.0;0.0;0.0;15.297000000000002
323;1019.8333333333334;14.0;4.0;74.5;3.5;2.5;15.5;11.821818181818182;57.36818181818182;1.0;1.5;7.263466666666667;447.0;0.0;0.0;0.0;0.0;0.000454545454545454;100.0;0.0;0.0;0.0;0.0;0.0;17.198
324;1021.0;7.0;4.0;25.0;0.0;2.3333333333333335;18.0;10.277272727272727;58.77045454545454;0.0;1.75;7.2544;592.0;0.0;0.0;0.0;0.0;0.0;56.0;0.0;0.0;0.0;0.0;0.0;19.099
325;0.0;0.0;0.0;0.0;0.0;2.166666666666667;15.145;8.732727272727274;60.17272727272727;0.0;2.0;7.245333333333334;0.0;0.0;0.0;0.0;0.054375;0.0;47.50983333333333;0.0;0.0;0.0;0.0;0.0;21.0
326;1004.0;0.0;1.0;0.0;0.0;2.0;12.29;7.188181818181819;61.575;0.0;1.96;7.236266666666667;600.0;0.462;3.5200000000000005;0.0;0.10875;0.0;39.019666666666666;0.0;0.0;0.0;0.0;0.0;0.0
327;1009.0;0.0;2.0;0.0;0.0;1.0;9.435;5.6436363636363645;62.97727272727273;0.0;1.92;7.2272;617.0;0.924;7.040000000000001;0.0;0.163125;0.0;30.5295;0.0375;0.0275;0.0;0.0;0.0;1.8625
328;1013.0;1.2333333333333334;0.0;0.0;0.0;0.0;6.58;4.09909090909091;64.37954545454545;0.0;1.8800000000000001;7.218133333333333;618.0;1.3860000000000001;10.560000000000002;0.0;0.2175;0.0;22.03933333333333;0.075;0.055;0.0;0.0;0.0;3.725
329;1008.5;2.466666666666667;1.0;49.0;2.06586;0.94;3.7249999999999996;2.5545454545454547;65.78181818181818;2.5;1.84;7.209066666666667;592.0;1.848;14.080000000000002;0.0;0.271875;0.0;13.549166666666665;0.11249999999999999;0.0825;0.0;5.7;0.415;5.5875
330;1004.0;3.7;2.0;17.48;4.13172;1.88;0.87;1.01;67.18409090909091;5.0;1.8;7.2;499.0;2.31;17.6;0.0;0.32625;0.0;5.059;0.15;0.11;0.0;11.4;0.83;7.45
331;0.0;0.0;3.0;23.0;4.9053759999999995;0.0;0.0;0.0;68.58636363636364;0.0;1.72;7.288888888888889;0.0;0.0;0.0;0.0;0.380625;0.0;0.0;0.153;0.0;0.0;0.0;0.7729999999999999;6.878
332;0.0;0.0;2.75;25.25;5.679031999999999;5.0;3.4;1.6;69.98863636363636;0.04888888888888889;1.6400000000000001;7.377777777777778;207.33333333333334;0.0;0.0;0.0;0.435;0.0;6.5;0.156;0.11777777777777779;0.24288888888888888;0.9222222222222223;0.716;6.306
333;0.0;0.0;2.5;27.5;6.452688;10.0;6.8;3.2;71.39090909090909;0.09777777777777778;1.56;7.466666666666667;414.6666666666667;0.0;0.0;0.0;0.489375;0.0;13.0;0.159;0.23555555555555557;0.48577777777777775;1.8444444444444446;0.659;5.734
334;0.0;0.0;2.25;29.75;7.226344;15.0;10.2;4.800000000000001;72.79318181818182;0.14666666666666667;1.48;7.555555555555555;622.0;0.0;0.0;0.0;0.54375;0.0;19.5;0.162;0.3533333333333334;0.7286666666666666;2.7666666666666666;0.602;5.162
335;0.0;0.0;2.0;32.0;8.0;20.0;13.6;6.4;74.19545454545454;0.19555555555555557;1.4;7.644444444444445;572.0;0.0;0.0;0.0;0.598125;0.0;26.0;0.16499999999999998;0.47111111111111115;0.9715555555555555;3.688888888888889;0.5449999999999999;4.59
336;0.0;0.0;2.0;87.94712;20.098;25.0;17.0;8.0;75.59772727272727;0.24444444444444446;1.32;7.733333333333333;522.0;0.0;0.0;0.0;0.6525;0.0;52.25;0.16799999999999998;0.5888888888888889;1.2144444444444444;4.611111111111112;0.488;4.018
337;0.0;0.0;2.0;143.89424;32.196;3.0;12.9625;6.6625;77.0;0.29333333333333333;1.24;7.822222222222222;563.0;0.0;0.0;0.0;0.706875;0.0;78.5;0.17099999999999999;0.7066666666666668;1.4573333333333331;5.533333333333333;0.431;3.4459999999999997
338;0.0;0.0;2.0;199.84136;44.294;3.1666666666666665;8.925;5.325;83.28333333333333;0.34222222222222226;1.1600000000000001;7.911111111111111;538.5;0.0;0.0;0.0;0.76125;0.0;104.75;0.174;0.8244444444444445;1.700222222222222;6.455555555555556;0.374;2.8739999999999997
339;0.0;0.0;2.0;255.78848;56.391999999999996;3.3333333333333335;4.887500000000001;3.9875000000000007;89.56666666666666;0.39111111111111113;1.08;8.0;514.0;0.0;0.0;0.0;0.815625;0.0;131.0;0.177;0.9422222222222223;1.943111111111111;7.377777777777778;0.31700000000000006;2.3019999999999996
340;0.0;0.0;4.0;311.7356;68.49;3.5;0.85;2.65;95.85;0.44;1.0;7.449;257.0;0.0;0.0;0.0;0.87;0.0;75.0;0.18;1.06;2.186;8.3;0.26;1.73
341;0.0;0.0;0.0;0.0;0.0;0.0;0.0;0.0;79.875;0.0;0.8333333333333334;7.317272727272727;0.0;0.0;0.0;0.0;0.725;0.0;0.0;0.16499999999999998;0.8833333333333334;0.0;6.640000000000001;0.21666666666666667;34.0
342;255.25;0.0;0.5;87.0;1.0;0.0;4.0;0.0;63.89999999999999;0.0;0.6666666666666667;7.185545454545454;231.5;0.0;0.0;0.0;0.5800000000000001;0.0;32.0;0.15;0.7066666666666668;0.0;4.98;0.17333333333333334;35.75
343;510.5;0.0;1.0;174.0;2.0;0.0;8.0;0.0;47.925;0.0;0.5;7.0538181818181815;463.0;0.0;0.0;0.0;0.43500000000000005;0.0;64.0;0.135;0.53;0.0;3.3200000000000003;0.13;37.5
344;765.75;0.0;1.5;129.0;6.0;0.0;12.0;0.0;31.949999999999996;0.0;0.33333333333333337;6.922090909090909;468.0;0.0;0.0;0.0;0.29000000000000004;0.0;59.0;0.12;0.3533333333333334;0.0;1.6600000000000001;0.08666666666666667;39.25
345;1021.0;0.0;2.0;84.0;10.0;0.0;16.0;0.0;15.974999999999994;0.0;0.16666666666666674;6.790363636363637;473.0;0.0;0.0;0.0;0.14500000000000002;0.0;54.0;0.105;0.17666666666666675;0.0;0.0;0.043333333333333335;41.0
346;0.0;0.0;0.0;0.0;0.0;0.0;0.0;0.0;0.0;0.0;0.0;6.658636363636363;0.0;0.0;0.0;0.0;0.0;0.0;0.0;0.09;0.0;0.0;0.0;0.0;29.0
347;0.0;2.0;2.0;63.75;8.0;0.0;0.0;0.0;0.0;0.0;0.0;6.526909090909091;84.25;0.0;0.0;0.0;0.0;0.0;0.0;0.075;0.0;0.0;0.0;0.0;17.0
348;0.0;4.0;4.0;127.5;16.0;0.0;0.0;0.0;0.0;0.0;0.0;6.395181818181818;168.5;0.0;0.0;0.0;0.0;0.0;0.0;0.06;0.0;0.0;0.0;0.0;5.0
349;0.0;3.6666666666666665;4.0;191.25;24.0;0.0;0.0;0.0;0.0;0.0;0.0;6.263454545454545;252.75;0.0;0.0;0.0;0.0;0.0;0.0;0.044999999999999984;0.0;0.0;0.0;0.0;3.666666666666667
350;0.0;3.3333333333333335;4.0;255.0;32.0;0.0;0.0;0.0;0.0;0.0;0.0;6.1317272727272725;337.0;0.0;0.0;0.0;0.0;0.0;0.0;0.03;0.0;0.0;0.0;0.0;2.3333333333333335
351;0.0;3.0;3.0;127.5;16.0;0.0;0.0;0.0;0.0;0.0;0.0;6.0;168.5;0.0;0.0;0.0;0.0;0.0;0.0;0.015000000000000013;0.0;0.0;0.0;0.0;1.0
352;0.0;0.0;0.0;0.0;0.0;0.0;0.0;0.0;0.0;0.0;0.0;0.0;0.0;0.0;0.0;0.0;0.0;0.0;0.0;0.0;0.0;0.0;0.0;0.0;0.0
353;1018.0;7.0;3.0;220.0;34.0;0.0;19.0;0.0;0.0;0.0;3.0;0.87125;480.0;0.0;49.0;0.0;0.0;0.0;60.0;0.0;0.0;0.0;0.0;0.0;6.6
354;1016.0;10.25;3.0;165.0;25.5;0.0;16.625;0.0;0.0;0.0;2.8333333333333335;1.7425;463.25;0.0;42.0;0.0;0.0;0.0;39.0;0.0;0.0;0.0;0.0;0.0;13.2
355;1014.0;13.5;4.0;110.0;17.0;0.0;14.25;0.0;0.0;0.0;2.6666666666666665;2.61375;446.5;0.0;35.0;0.0;0.0;0.0;26.0;0.0;0.0;0.0;0.0;0.0;19.799999999999997
356;1012.0;16.75;4.0;55.0;8.5;0.0;11.875;0.0;0.0;0.0;2.5;3.485;429.75;0.0;28.0;0.0;0.0;0.0;13.0;0.0;0.0;0.0;0.0;0.0;26.4
357;1010.0;20.0;0.0;0.0;0.0;2.0;9.5;7.533333333333334;0.0;0.0;2.3333333333333335;4.35625;413.0;0.0;21.0;0.0;0.0;0.0;0.0;0.0;0.0;0.0;0.0;0.0;33.0
358;0.0;0.0;0.0;121.0;241.0;1.5;7.125;15.066666666666668;0.0;0.0;2.166666666666667;5.2275;511.0;0.0;14.0;0.0;0.0;0.0;228.0;0.0;0.0;0.0;0.0;0.0;39.599999999999994
359;1010.0;0.0;4.0;242.0;134.0;1.0;4.75;22.6;0.0;0.0;2.0;6.09875;391.0;0.0;7.0;0.0;0.0;0.0;114.0;0.0;0.0;0.0;0.0;0.0;46.199999999999996
360;0.0;0.0;3.0;295.0;27.0;0.5;2.375;0.0;0.0;0.0;0.0;6.97;0.0;0.0;0.0;0.0;0.0;0.0;0.0;0.0;0.0;0.0;0.0;0.0;52.8
361;0.0;0.0;0.0;0.0;0.0;0.0;0.0;0.0;0.0;0.0;0.0;0.0;0.0;0.0;0.0;0.0;0.0;0.0;0.0;0.0;0.0;0.0;0.0;0.0;0.0
362;1012.0;3.0;1.0;24.5;5.0;0.5;0.8571428571428571;0.0;0.0;0.0;0.25;0.0;350.0;0.0;21.25;0.0;0.0;0.0;9.0;0.0;0.0;0.0;0.0;0.0;0.0
363;1009.5;6.0;3.0;49.0;10.0;1.0;1.7142857142857142;0.0;0.0;0.0;0.5;0.0;407.0;0.0;42.5;0.0;0.0;0.16666666666666666;18.0;0.0;0.0;0.0;0.0;0.0;0.0
364;1007.0;9.0;2.0;208.5;15.0;1.0;2.571428571428571;0.0;0.0;0.0;0.75;0.0;410.0;0.0;63.75;0.0;0.0;0.3333333333333333;27.0;0.0;0.0;0.0;0.0;0.0;0.0
365;1004.5;12.5;1.0;368.0;20.0;0.875;3.4285714285714284;0.0;0.0;0.0;1.0;0.0;413.0;0.0;85.0;0.0;0.0;0.5;36.0;0.0;0.0;0.0;0.0;0.0;0.0
366;1002.0;16.0;1.0;260.5;12.0;0.75;4.285714285714286;0.0;0.0;0.0;1.25;0.0;467.0;0.0;68.0;0.0;0.0;0.6666666666666666;45.0;0.0;0.0;0.0;0.0;0.0;0.0
367;1007.6666666666666;12.666666666666666;1.0;153.0;4.0;0.625;5.142857142857142;0.0;0.0;0.0;1.5;0.0;406.0;0.0;51.0;0.0;0.0;0.8333333333333333;54.0;0.0;0.0;0.0;0.0;0.0;0.0
368;1013.3333333333334;9.333333333333332;1.5;270.5;25.5;0.5;6.0;0.0;0.0;0.0;1.75;0.0;320.5;0.0;34.0;0.0;0.0;1.0;54.0;0.0;0.0;0.0;0.0;0.0;0.0
369;1019.0;6.0;2.0;388.0;47.0;0.375;15.0;0.0;0.0;0.0;2.0;0.0;235.0;0.0;17.0;0.0;0.0;0.75;54.0;0.0;0.0;0.0;0.0;0.0;0.0
370;1009.0;3.0;0.0;0.0;0.0;0.25;10.0;0.0;0.0;0.0;1.3333333333333335;0.0;404.0;0.0;0.0;0.0;0.0;0.5;82.5;0.0;0.0;0.0;0.0;0.0;0.0
371;0.0;0.0;0.0;0.0;184.0;0.125;5.0;0.0;0.0;0.0;0.6666666666666667;0.0;506.0;0.0;0.0;0.0;0.0;0.25;111.0;0.0;0.0;0.0;0.0;0.0;0.0
372;0.0;0.0;0.0;0.0;0.0;0.0;0.0;0.0;0.0;0.0;0.0;0.0;0.0;0.0;0.0;0.0;0.0;0.0;0.0;0.0;0.0;0.0;0.0;0.0;0.0
373;0.0;0.0;0.0;0.0;0.0;0.0;0.0;0.0;0.0;0.0;0.0;0.0;0.0;0.0;0.0;0.0;0.0;0.0;0.0;0.0;0.0;0.0;0.0;0.0;0.0
374;1010.0;0.0;3.0;216.0;15.48934;0.5;0.405;0.095;9.585;0.0;0.5;3.75;385.0;0.0;0.0;0.0;0.05;0.02;0.0;0.33;0.0;0.0;0.0;0.0;97.0
375;1010.0;0.0;2.0;152.78;30.97868;1.0;0.81;0.19;19.17;1.875;1.0;7.5;650.0;0.0;0.0;0.0;0.1;0.04;5.593;0.66;0.36;0.0;0.0;0.0;97.0
